,qid,Q0,docno,rank,score,tag
0,500,Q0,37:133-138,1,0.7093289196491241,Ensemble_AraElectra_ArabicBERT
1,500,Q0,29:28-35,2,0.6985666453838348,Ensemble_AraElectra_ArabicBERT
2,500,Q0,11:89-95,3,0.8778232336044312,AraElectra
3,500,Q0,21:76-77,4,0.8663840293884277,AraElectra
4,500,Q0,21:74-75,5,0.865368664264679,AraElectra
5,500,Q0,20:83-85,6,0.854805588722229,AraElectra
6,500,Q0,28:14-19,7,0.8534388542175293,AraElectra
7,500,Q0,69:9-12,8,0.8511481881141663,AraElectra
8,500,Q0,7:85-93,9,0.8477707505226135,AraElectra
9,500,Q0,20:86-94,10,0.84405517578125,AraElectra
10,502,Q0,5:109-109,1,0.7102271020412445,Ensemble_AraElectra_ArabicBERT
11,502,Q0,14:19-20,2,0.9071723222732544,AraElectra
12,502,Q0,15:10-15,3,0.902383029460907,AraElectra
13,502,Q0,6:112-113,4,0.8769122362136841,AraElectra
14,502,Q0,23:78-92,5,0.87310791015625,AraElectra
15,502,Q0,27:67-75,6,0.8722683787345886,AraElectra
16,502,Q0,44:34-39,7,0.8722660541534424,AraElectra
17,502,Q0,36:28-32,8,0.8710492849349976,AraElectra
18,502,Q0,86:11-17,9,0.8639227151870728,AraElectra
19,502,Q0,21:1-10,10,0.8625507950782776,AraElectra
20,504,Q0,21:11-15,1,0.6315071135759354,Ensemble_AraElectra_ArabicBERT
21,504,Q0,69:9-12,2,0.6277944445610046,Ensemble_AraElectra_ArabicBERT
22,504,Q0,69:1-8,3,0.8703335523605347,AraElectra
23,504,Q0,101:1-5,4,0.863123893737793,AraElectra
24,504,Q0,2:63-66,5,0.858662486076355,AraElectra
25,504,Q0,78:17-20,6,0.8512879610061646,AraElectra
26,504,Q0,20:56-69,7,0.8489761352539062,AraElectra
27,504,Q0,11:77-83,8,0.8488225340843201,AraElectra
28,504,Q0,7:163-163,9,0.8455737233161926,AraElectra
29,504,Q0,12:69-76,10,0.8455386161804199,AraElectra
30,505,Q0,18:54-56,1,0.7466763257980347,Ensemble_AraElectra_ArabicBERT
31,505,Q0,17:88-89,2,0.739724338054657,Ensemble_AraElectra_ArabicBERT
32,505,Q0,25:1-2,3,0.7360944151878357,Ensemble_AraElectra_ArabicBERT
33,505,Q0,14:1-4,4,0.7348940670490265,Ensemble_AraElectra_ArabicBERT
34,505,Q0,36:69-70,5,0.725188285112381,Ensemble_AraElectra_ArabicBERT
35,505,Q0,21:107-112,6,0.7243635654449463,Ensemble_AraElectra_ArabicBERT
36,505,Q0,41:53-54,7,0.9449353218078612,AraElectra
37,505,Q0,15:1-9,8,0.9268049597740172,AraElectra
38,505,Q0,34:28-30,9,0.92559552192688,AraElectra
39,505,Q0,43:40-45,10,0.9220296144485474,AraElectra
40,508,Q0,15:16-25,1,0.732123613357544,Ensemble_AraElectra_ArabicBERT
41,508,Q0,43:9-14,2,0.7234329581260681,Ensemble_AraElectra_ArabicBERT
42,508,Q0,77:20-28,3,0.7003800272941589,Ensemble_AraElectra_ArabicBERT
43,508,Q0,86:5-10,4,0.8837180137634277,AraElectra
44,508,Q0,89:15-20,5,0.8721444606781006,AraElectra
45,508,Q0,88:8-16,6,0.8698415160179138,AraElectra
46,508,Q0,88:1-7,7,0.8686898946762085,AraElectra
47,508,Q0,84:1-5,8,0.8648046255111694,AraElectra
48,508,Q0,42:32-36,9,0.861217737197876,AraElectra
49,508,Q0,52:29-31,10,0.8563640713691711,AraElectra
50,510,Q0,2:228-230,1,0.7289214730262756,Ensemble_AraElectra_ArabicBERT
51,510,Q0,4:19-21,2,0.7135069966316223,Ensemble_AraElectra_ArabicBERT
52,510,Q0,60:10-11,3,0.6820584833621979,Ensemble_AraElectra_ArabicBERT
53,510,Q0,2:240-242,4,0.6818343102931976,Ensemble_AraElectra_ArabicBERT
54,510,Q0,65:1-3,5,0.67449751496315,Ensemble_AraElectra_ArabicBERT
55,510,Q0,4:2-6,6,0.6683773994445801,Ensemble_AraElectra_ArabicBERT
56,510,Q0,2:6-7,7,0.8730946779251099,AraElectra
57,510,Q0,8:15-16,8,0.8383779525756836,AraElectra
58,510,Q0,66:6-7,9,0.8383199572563171,AraElectra
59,510,Q0,2:188-188,10,0.8348255157470703,AraElectra
60,513,Q0,2:228-230,1,0.7133334577083588,Ensemble_AraElectra_ArabicBERT
61,513,Q0,4:19-21,2,0.7083764672279358,Ensemble_AraElectra_ArabicBERT
62,513,Q0,65:1-3,3,0.6929226219654083,Ensemble_AraElectra_ArabicBERT
63,513,Q0,2:240-242,4,0.6793962717056274,Ensemble_AraElectra_ArabicBERT
64,513,Q0,66:6-7,5,0.6764862239360809,Ensemble_AraElectra_ArabicBERT
65,513,Q0,4:25-25,6,0.6719861477613449,Ensemble_AraElectra_ArabicBERT
66,513,Q0,60:10-11,7,0.662478968501091,Ensemble_AraElectra_ArabicBERT
67,513,Q0,2:6-7,8,0.88273686170578,AraElectra
68,513,Q0,4:2-6,9,0.8642017841339111,AraElectra
69,513,Q0,2:275-276,10,0.8592904806137085,AraElectra
70,518,Q0,92:8-11,1,0.7455434501171112,Ensemble_AraElectra_ArabicBERT
71,518,Q0,107:1-3,2,0.7183134257793427,Ensemble_AraElectra_ArabicBERT
72,518,Q0,89:15-20,3,0.7082075774669647,Ensemble_AraElectra_ArabicBERT
73,518,Q0,107:4-7,4,0.7013879716396332,Ensemble_AraElectra_ArabicBERT
74,518,Q0,69:25-37,5,0.687160074710846,Ensemble_AraElectra_ArabicBERT
75,518,Q0,33:18-20,6,0.6811485588550568,Ensemble_AraElectra_ArabicBERT
76,518,Q0,9:75-80,7,0.6747210621833801,Ensemble_AraElectra_ArabicBERT
77,518,Q0,70:19-21,8,0.6645380258560181,Ensemble_AraElectra_ArabicBERT
78,518,Q0,9:34-35,9,0.6517378389835358,Ensemble_AraElectra_ArabicBERT
79,518,Q0,7:141-141,10,0.8015246987342834,AraElectra
80,519,Q0,92:8-11,1,0.7578989863395691,Ensemble_AraElectra_ArabicBERT
81,519,Q0,9:75-80,2,0.6925991177558899,Ensemble_AraElectra_ArabicBERT
82,519,Q0,33:18-20,3,0.6719854176044464,Ensemble_AraElectra_ArabicBERT
83,519,Q0,107:4-7,4,0.6641259789466858,Ensemble_AraElectra_ArabicBERT
84,519,Q0,9:67-68,5,0.6636674702167511,Ensemble_AraElectra_ArabicBERT
85,519,Q0,107:1-3,6,0.635604202747345,Ensemble_AraElectra_ArabicBERT
86,519,Q0,89:15-20,7,0.6328539848327637,Ensemble_AraElectra_ArabicBERT
87,519,Q0,9:34-35,8,0.6227071732282639,Ensemble_AraElectra_ArabicBERT
88,519,Q0,7:141-141,9,0.7837979197502136,AraElectra
89,519,Q0,83:1-6,10,0.7823547124862671,AraElectra
90,521,Q0,45:21-22,1,0.7737129628658295,Ensemble_AraElectra_ArabicBERT
91,521,Q0,20:123-127,2,0.7221003174781799,Ensemble_AraElectra_ArabicBERT
92,521,Q0,6:164-165,3,0.7144851684570312,Ensemble_AraElectra_ArabicBERT
93,521,Q0,35:15-18,4,0.7125056087970734,Ensemble_AraElectra_ArabicBERT
94,521,Q0,3:161-163,5,0.7055142223834991,Ensemble_AraElectra_ArabicBERT
95,521,Q0,41:45-46,6,0.6967764496803284,Ensemble_AraElectra_ArabicBERT
96,521,Q0,45:14-15,7,0.6937417089939117,Ensemble_AraElectra_ArabicBERT
97,521,Q0,22:8-13,8,0.6821713447570801,Ensemble_AraElectra_ArabicBERT
98,521,Q0,74:38-48,9,0.8759170770645142,AraElectra
99,521,Q0,31:33-34,10,0.8442398309707642,AraElectra
100,522,Q0,9:34-35,1,0.6886013150215149,Ensemble_AraElectra_ArabicBERT
101,522,Q0,17:97-100,2,0.656429648399353,Ensemble_AraElectra_ArabicBERT
102,522,Q0,3:116-117,3,0.6398220658302307,Ensemble_AraElectra_ArabicBERT
103,522,Q0,107:4-7,4,0.8550070524215698,AraElectra
104,522,Q0,7:141-141,5,0.8521007895469666,AraElectra
105,522,Q0,89:15-20,6,0.8511879444122314,AraElectra
106,522,Q0,83:1-6,7,0.8447728157043457,AraElectra
107,522,Q0,92:8-11,8,0.8408054113388062,AraElectra
108,522,Q0,107:1-3,9,0.8404197096824646,AraElectra
109,522,Q0,46:19-20,10,0.8397163152694702,AraElectra
110,525,Q0,26:123-140,1,0.7013290524482727,Ensemble_AraElectra_ArabicBERT
111,525,Q0,2:180-182,2,0.6767121851444244,Ensemble_AraElectra_ArabicBERT
112,525,Q0,26:160-175,3,0.671347588300705,Ensemble_AraElectra_ArabicBERT
113,525,Q0,5:106-108,4,0.6578730046749115,Ensemble_AraElectra_ArabicBERT
114,525,Q0,81:15-25,5,0.6566109657287598,Ensemble_AraElectra_ArabicBERT
115,525,Q0,29:8-9,6,0.8225457072257996,AraElectra
116,525,Q0,21:91-91,7,0.81769198179245,AraElectra
117,525,Q0,31:14-15,8,0.8086711764335632,AraElectra
118,525,Q0,19:16-33,9,0.8010863661766052,AraElectra
119,525,Q0,5:14-14,10,0.7968860864639282,AraElectra
120,527,Q0,8:42-44,1,0.7246806025505066,Ensemble_AraElectra_ArabicBERT
121,527,Q0,6:42-45,2,0.7179727554321289,Ensemble_AraElectra_ArabicBERT
122,527,Q0,3:185-186,3,0.6957698464393616,Ensemble_AraElectra_ArabicBERT
123,527,Q0,90:5-10,4,0.8703715205192566,AraElectra
124,527,Q0,100:6-11,5,0.862758994102478,AraElectra
125,527,Q0,79:34-41,6,0.8619003295898438,AraElectra
126,527,Q0,18:7-8,7,0.8528726100921631,AraElectra
127,527,Q0,30:33-37,8,0.8483566641807556,AraElectra
128,527,Q0,75:20-25,9,0.8441802263259888,AraElectra
129,527,Q0,29:1-7,10,0.8430518507957458,AraElectra
130,528,Q0,76:27-28,1,0.662894070148468,Ensemble_AraElectra_ArabicBERT
131,528,Q0,11:8-11,2,0.6519470363855362,Ensemble_AraElectra_ArabicBERT
132,528,Q0,77:16-19,3,0.8947233557701111,AraElectra
133,528,Q0,70:36-39,4,0.8667194843292236,AraElectra
134,528,Q0,26:90-104,5,0.8458479046821594,AraElectra
135,528,Q0,36:59-68,6,0.8432024121284485,AraElectra
136,528,Q0,52:29-31,7,0.8350076675415039,AraElectra
137,528,Q0,41:49-52,8,0.8332369923591614,AraElectra
138,528,Q0,102:1-4,9,0.8307412266731262,AraElectra
139,528,Q0,33:18-20,10,0.8306865692138672,AraElectra
140,529,Q0,39:49-52,1,0.710423618555069,Ensemble_AraElectra_ArabicBERT
141,529,Q0,7:94-95,2,0.7079778015613556,Ensemble_AraElectra_ArabicBERT
142,529,Q0,89:15-20,3,0.6961912512779236,Ensemble_AraElectra_ArabicBERT
143,529,Q0,11:8-11,4,0.6683012247085571,Ensemble_AraElectra_ArabicBERT
144,529,Q0,96:6-8,5,0.8774569034576416,AraElectra
145,529,Q0,90:5-10,6,0.8532742857933044,AraElectra
146,529,Q0,86:5-10,7,0.8532358407974243,AraElectra
147,529,Q0,77:16-19,8,0.8508098125457764,AraElectra
148,529,Q0,41:49-52,9,0.8492125272750854,AraElectra
149,529,Q0,42:32-36,10,0.844569206237793,AraElectra
150,531,Q0,9:53-55,1,0.6763144433498383,Ensemble_AraElectra_ArabicBERT
151,531,Q0,7:146-147,2,0.6709219217300415,Ensemble_AraElectra_ArabicBERT
152,531,Q0,18:99-106,3,0.6690986156463623,Ensemble_AraElectra_ArabicBERT
153,531,Q0,47:25-29,4,0.6481543481349945,Ensemble_AraElectra_ArabicBERT
154,531,Q0,2:165-167,5,0.6316516697406769,Ensemble_AraElectra_ArabicBERT
155,531,Q0,66:6-7,6,0.8270698189735413,AraElectra
156,531,Q0,2:6-7,7,0.8105123043060303,AraElectra
157,531,Q0,8:50-51,8,0.8052895665168762,AraElectra
158,531,Q0,2:80-82,9,0.7910629510879517,AraElectra
159,531,Q0,45:7-11,10,0.7836344242095947,AraElectra
160,533,Q0,3:133-136,1,0.692277729511261,Ensemble_AraElectra_ArabicBERT
161,533,Q0,4:148-149,2,0.6865981221199036,Ensemble_AraElectra_ArabicBERT
162,533,Q0,42:37-43,3,0.6825944781303406,Ensemble_AraElectra_ArabicBERT
163,533,Q0,16:125-128,4,0.6383370161056519,Ensemble_AraElectra_ArabicBERT
164,533,Q0,64:14-18,5,0.6306207776069641,Ensemble_AraElectra_ArabicBERT
165,533,Q0,4:146-147,6,0.8509151339530945,AraElectra
166,533,Q0,4:31-31,7,0.8031708002090454,AraElectra
167,533,Q0,5:9-10,8,0.7887084484100342,AraElectra
168,533,Q0,5:54-56,9,0.7822180986404419,AraElectra
169,533,Q0,59:8-10,10,0.7802441716194153,AraElectra
170,534,Q0,5:4-5,1,0.6437698006629944,Ensemble_AraElectra_ArabicBERT
171,534,Q0,2:142-145,2,0.8553663492202759,AraElectra
172,534,Q0,33:4-6,3,0.8482416272163391,AraElectra
173,534,Q0,42:20-22,4,0.8433680534362793,AraElectra
174,534,Q0,2:257-257,5,0.8414932489395142,AraElectra
175,534,Q0,2:6-7,6,0.8408149480819702,AraElectra
176,534,Q0,3:59-61,7,0.8381329774856567,AraElectra
177,534,Q0,42:44-46,8,0.8369231224060059,AraElectra
178,534,Q0,58:1-4,9,0.833688497543335,AraElectra
179,534,Q0,2:168-169,10,0.8330675959587097,AraElectra
180,535,Q0,88:8-16,1,0.5645190179347992,Ensemble_AraElectra_ArabicBERT
181,535,Q0,89:15-20,2,0.838572084903717,AraElectra
182,535,Q0,77:20-28,3,0.8147884607315063,AraElectra
183,535,Q0,17:66-70,4,0.8135716915130615,AraElectra
184,535,Q0,79:1-5,5,0.8131763339042664,AraElectra
185,535,Q0,8:17-19,6,0.8067368865013123,AraElectra
186,535,Q0,84:1-5,7,0.8017381429672241,AraElectra
187,535,Q0,107:1-3,8,0.798111081123352,AraElectra
188,535,Q0,52:17-28,9,0.7964438199996948,AraElectra
189,535,Q0,3:14-17,10,0.7957046031951904,AraElectra
190,536,Q0,2:238-239,1,0.8171549737453461,Ensemble_AraElectra_ArabicBERT
191,536,Q0,33:28-31,2,0.6584967970848083,Ensemble_AraElectra_ArabicBERT
192,536,Q0,2:222-223,3,0.6554869413375854,Ensemble_AraElectra_ArabicBERT
193,536,Q0,33:32-34,4,0.6391233205795288,Ensemble_AraElectra_ArabicBERT
194,536,Q0,33:59-59,5,0.6374333202838898,Ensemble_AraElectra_ArabicBERT
195,536,Q0,4:34-35,6,0.6334240436553955,Ensemble_AraElectra_ArabicBERT
196,536,Q0,58:11-11,7,0.7941414713859558,AraElectra
197,536,Q0,5:87-88,8,0.793445885181427,AraElectra
198,536,Q0,4:43-43,9,0.7895944118499756,AraElectra
199,536,Q0,4:31-31,10,0.7834116220474243,AraElectra
200,539,Q0,17:22-30,1,0.6485587507486343,Ensemble_AraElectra_ArabicBERT
201,539,Q0,4:128-130,2,0.6247100532054901,Ensemble_AraElectra_ArabicBERT
202,539,Q0,8:17-19,3,0.8208478689193726,AraElectra
203,539,Q0,16:90-93,4,0.8116174936294556,AraElectra
204,539,Q0,108:1-3,5,0.8106383085250854,AraElectra
205,539,Q0,9:75-80,6,0.809638500213623,AraElectra
206,539,Q0,20:80-82,7,0.7972996234893799,AraElectra
207,539,Q0,89:15-20,8,0.7970304489135742,AraElectra
208,539,Q0,73:10-14,9,0.794924259185791,AraElectra
209,539,Q0,83:1-6,10,0.7924802303314209,AraElectra
210,540,Q0,10:62-64,1,0.7069973349571228,Ensemble_AraElectra_ArabicBERT
211,540,Q0,18:45-46,2,0.6755043268203735,Ensemble_AraElectra_ArabicBERT
212,540,Q0,14:5-8,3,0.6459003984928131,Ensemble_AraElectra_ArabicBERT
213,540,Q0,43:67-73,4,0.6366227567195892,Ensemble_AraElectra_ArabicBERT
214,540,Q0,13:35-35,5,0.8202037811279297,AraElectra
215,540,Q0,92:12-21,6,0.8200013041496277,AraElectra
216,540,Q0,88:8-16,7,0.8134351372718811,AraElectra
217,540,Q0,22:14-15,8,0.8121318817138672,AraElectra
218,540,Q0,37:40-49,9,0.8081607818603516,AraElectra
219,540,Q0,42:32-36,10,0.8063271045684814,AraElectra
220,542,Q0,3:145-148,1,0.6836797595024109,Ensemble_AraElectra_ArabicBERT
221,542,Q0,42:37-43,2,0.6763269901275635,Ensemble_AraElectra_ArabicBERT
222,542,Q0,3:185-186,3,0.672737181186676,Ensemble_AraElectra_ArabicBERT
223,542,Q0,3:159-160,4,0.6698440909385681,Ensemble_AraElectra_ArabicBERT
224,542,Q0,77:41-44,5,0.8448173403739929,AraElectra
225,542,Q0,8:17-19,6,0.8445255756378174,AraElectra
226,542,Q0,16:125-128,7,0.8207051753997803,AraElectra
227,542,Q0,15:45-50,8,0.8201080560684204,AraElectra
228,542,Q0,52:17-28,9,0.8139041662216187,AraElectra
229,542,Q0,1:7-7,10,0.8134983777999878,AraElectra
230,544,Q0,5:27-31,1,0.6647737920284271,Ensemble_AraElectra_ArabicBERT
231,544,Q0,37:50-61,2,0.649103194475174,Ensemble_AraElectra_ArabicBERT
232,544,Q0,37:62-74,3,0.8857413530349731,AraElectra
233,544,Q0,104:1-9,4,0.885648787021637,AraElectra
234,544,Q0,15:80-84,5,0.8829560279846191,AraElectra
235,544,Q0,44:40-50,6,0.8623283505439758,AraElectra
236,544,Q0,56:41-56,7,0.859748899936676,AraElectra
237,544,Q0,36:59-68,8,0.8575848340988159,AraElectra
238,544,Q0,69:25-37,9,0.8568010330200195,AraElectra
239,544,Q0,79:6-14,10,0.8554993271827698,AraElectra
240,545,Q0,102:5-8,1,0.7274863123893738,Ensemble_AraElectra_ArabicBERT
241,545,Q0,56:57-62,2,0.8905726671218872,AraElectra
242,545,Q0,80:17-23,3,0.882113516330719,AraElectra
243,545,Q0,54:47-50,4,0.8800812363624573,AraElectra
244,545,Q0,14:19-20,5,0.8800555467605591,AraElectra
245,545,Q0,21:30-35,6,0.8743841648101807,AraElectra
246,545,Q0,50:16-19,7,0.8743683099746704,AraElectra
247,545,Q0,29:53-55,8,0.8694824576377869,AraElectra
248,545,Q0,82:6-8,9,0.8685903549194336,AraElectra
249,545,Q0,6:132-135,10,0.8677865266799927,AraElectra
250,546,Q0,102:5-8,1,0.7400383949279785,Ensemble_AraElectra_ArabicBERT
251,546,Q0,6:132-135,2,0.8839653134346008,AraElectra
252,546,Q0,76:27-28,3,0.8807936310768127,AraElectra
253,546,Q0,54:47-50,4,0.8804495334625244,AraElectra
254,546,Q0,82:1-5,5,0.8704397678375244,AraElectra
255,546,Q0,76:1-4,6,0.868736743927002,AraElectra
256,546,Q0,16:33-34,7,0.8672662973403931,AraElectra
257,546,Q0,30:54-54,8,0.8660800457000732,AraElectra
258,546,Q0,29:53-55,9,0.8660479187965393,AraElectra
259,546,Q0,11:116-117,10,0.8623855113983154,AraElectra
260,547,Q0,28:22-28,1,0.6573735773563385,Ensemble_AraElectra_ArabicBERT
261,547,Q0,20:38-48,2,0.648709774017334,Ensemble_AraElectra_ArabicBERT
262,547,Q0,5:112-115,3,0.897867739200592,AraElectra
263,547,Q0,79:15-26,4,0.8970006704330444,AraElectra
264,547,Q0,5:110-111,5,0.8959519863128662,AraElectra
265,547,Q0,19:1-11,6,0.8937692642211914,AraElectra
266,547,Q0,27:15-19,7,0.8920917510986328,AraElectra
267,547,Q0,10:79-86,8,0.8906694054603577,AraElectra
268,547,Q0,34:10-13,9,0.8892050981521606,AraElectra
269,547,Q0,12:58-62,10,0.8865323662757874,AraElectra
270,550,Q0,11:69-76,1,0.7202655971050262,Ensemble_AraElectra_ArabicBERT
271,550,Q0,5:110-111,2,0.8871855735778809,AraElectra
272,550,Q0,12:4-6,3,0.8850755095481873,AraElectra
273,550,Q0,34:10-13,4,0.8811354637145996,AraElectra
274,550,Q0,10:87-89,5,0.8785978555679321,AraElectra
275,550,Q0,12:97-101,6,0.875346302986145,AraElectra
276,550,Q0,5:112-115,7,0.8744438290596008,AraElectra
277,550,Q0,17:101-104,8,0.8739298582077026,AraElectra
278,550,Q0,79:15-26,9,0.8722823858261108,AraElectra
279,550,Q0,19:1-11,10,0.8722019195556641,AraElectra
280,552,Q0,76:27-28,1,0.6219634115695953,Ensemble_AraElectra_ArabicBERT
281,552,Q0,96:6-8,2,0.8680453896522522,AraElectra
282,552,Q0,77:16-19,3,0.8441120386123657,AraElectra
283,552,Q0,17:97-100,4,0.8426244258880615,AraElectra
284,552,Q0,46:19-20,5,0.827954888343811,AraElectra
285,552,Q0,70:36-39,6,0.8266389966011047,AraElectra
286,552,Q0,39:49-52,7,0.8193573951721191,AraElectra
287,552,Q0,54:47-50,8,0.8164212703704834,AraElectra
288,552,Q0,89:15-20,9,0.8128370046615601,AraElectra
289,552,Q0,95:7-8,10,0.8052577972412109,AraElectra
290,554,Q0,22:19-22,1,0.6077104210853577,Ensemble_AraElectra_ArabicBERT
291,554,Q0,77:29-40,2,0.583854541182518,Ensemble_AraElectra_ArabicBERT
292,554,Q0,56:41-56,3,0.5827469974756241,Ensemble_AraElectra_ArabicBERT
293,554,Q0,86:1-4,4,0.8679934144020081,AraElectra
294,554,Q0,6:138-140,5,0.8663802146911621,AraElectra
295,554,Q0,6:145-147,6,0.8592267036437988,AraElectra
296,554,Q0,55:37-45,7,0.8585712909698486,AraElectra
297,554,Q0,101:1-5,8,0.8559961915016174,AraElectra
298,554,Q0,5:3-3,9,0.8482017517089844,AraElectra
299,554,Q0,4:101-103,10,0.8400801420211792,AraElectra
300,555,Q0,7:141-141,1,0.6418363749980927,Ensemble_AraElectra_ArabicBERT
301,555,Q0,107:1-3,2,0.8546798229217529,AraElectra
302,555,Q0,107:4-7,3,0.7912819981575012,AraElectra
303,555,Q0,70:19-21,4,0.7835018634796143,AraElectra
304,555,Q0,92:8-11,5,0.7726494073867798,AraElectra
305,555,Q0,89:15-20,6,0.767768919467926,AraElectra
306,555,Q0,17:97-100,7,0.7486920952796936,AraElectra
307,555,Q0,9:34-35,8,0.7410096526145935,AraElectra
308,555,Q0,3:116-117,9,0.7344323396682739,AraElectra
309,555,Q0,83:1-6,10,0.7271538972854614,AraElectra
310,557,Q0,7:26-27,1,0.6867298632860184,Ensemble_AraElectra_ArabicBERT
311,557,Q0,83:1-6,2,0.8876549601554871,AraElectra
312,557,Q0,72:14-17,3,0.8836569786071777,AraElectra
313,557,Q0,69:25-37,4,0.8798649907112122,AraElectra
314,557,Q0,22:1-2,5,0.8787899017333984,AraElectra
315,557,Q0,43:36-39,6,0.8702836036682129,AraElectra
316,557,Q0,5:94-95,7,0.870208740234375,AraElectra
317,557,Q0,101:6-11,8,0.8644304275512695,AraElectra
318,557,Q0,34:34-39,9,0.8640212416648865,AraElectra
319,557,Q0,77:45-50,10,0.8617303967475891,AraElectra
320,558,Q0,30:28-32,1,0.72750324010849,Ensemble_AraElectra_ArabicBERT
321,558,Q0,2:142-145,2,0.898413360118866,AraElectra
322,558,Q0,2:208-210,3,0.8945704698562622,AraElectra
323,558,Q0,39:42-44,4,0.8942718505859375,AraElectra
324,558,Q0,2:113-113,5,0.8914272785186768,AraElectra
325,558,Q0,33:4-6,6,0.8827681541442871,AraElectra
326,558,Q0,2:139-141,7,0.8815097212791443,AraElectra
327,558,Q0,69:19-24,8,0.8806976675987244,AraElectra
328,558,Q0,4:12-14,9,0.8806238174438477,AraElectra
329,558,Q0,2:146-150,10,0.8788373470306396,AraElectra
330,559,Q0,7:163-163,1,0.6931309401988983,Ensemble_AraElectra_ArabicBERT
331,559,Q0,4:153-161,2,0.6870064437389374,Ensemble_AraElectra_ArabicBERT
332,559,Q0,78:17-20,3,0.8100764751434326,AraElectra
333,559,Q0,5:14-14,4,0.7856220602989197,AraElectra
334,559,Q0,17:1-1,5,0.7792245149612427,AraElectra
335,559,Q0,74:8-10,6,0.7784042954444885,AraElectra
336,559,Q0,37:22-39,7,0.7690328359603882,AraElectra
337,559,Q0,69:13-18,8,0.7674060463905334,AraElectra
338,559,Q0,22:19-22,9,0.7545735239982605,AraElectra
339,559,Q0,7:109-112,10,0.7539218068122864,AraElectra
340,561,Q0,9:67-68,1,0.7387244999408722,Ensemble_AraElectra_ArabicBERT
341,561,Q0,24:23-26,2,0.6132287979125977,Ensemble_AraElectra_ArabicBERT
342,561,Q0,24:19-20,3,0.5988526046276093,Ensemble_AraElectra_ArabicBERT
343,561,Q0,14:28-30,4,0.8251071572303772,AraElectra
344,561,Q0,22:3-4,5,0.8186669945716858,AraElectra
345,561,Q0,83:1-6,6,0.8062250018119812,AraElectra
346,561,Q0,7:141-141,7,0.8038244843482971,AraElectra
347,561,Q0,3:10-13,8,0.7972262501716614,AraElectra
348,561,Q0,85:10-11,9,0.7955374717712402,AraElectra
349,561,Q0,77:16-19,10,0.7818921208381653,AraElectra
350,562,Q0,22:3-4,1,0.6797402203083038,Ensemble_AraElectra_ArabicBERT
351,562,Q0,95:7-8,2,0.8951219916343689,AraElectra
352,562,Q0,41:45-46,3,0.8873034715652466,AraElectra
353,562,Q0,16:33-34,4,0.8787461519241333,AraElectra
354,562,Q0,82:1-5,5,0.8747329711914062,AraElectra
355,562,Q0,54:47-50,6,0.8728065490722656,AraElectra
356,562,Q0,51:52-60,7,0.8709385395050049,AraElectra
357,562,Q0,6:132-135,8,0.8706084489822388,AraElectra
358,562,Q0,61:5-5,9,0.8677233457565308,AraElectra
359,562,Q0,73:15-19,10,0.8659359216690063,AraElectra
360,563,Q0,40:5-6,1,0.6653357446193695,Ensemble_AraElectra_ArabicBERT
361,563,Q0,61:5-5,2,0.8981825113296509,AraElectra
362,563,Q0,25:17-20,3,0.8693594336509705,AraElectra
363,563,Q0,40:34-35,4,0.8670101165771484,AraElectra
364,563,Q0,43:26-28,5,0.8661481142044067,AraElectra
365,563,Q0,6:22-26,6,0.8501380681991577,AraElectra
366,563,Q0,34:40-45,7,0.8486829996109009,AraElectra
367,563,Q0,9:113-116,8,0.8436218500137329,AraElectra
368,563,Q0,5:70-71,9,0.8415560126304626,AraElectra
369,563,Q0,33:7-8,10,0.8406990766525269,AraElectra
370,568,Q0,7:11-18,1,0.7412332594394684,Ensemble_AraElectra_ArabicBERT
371,568,Q0,17:61-65,2,0.7298815250396729,Ensemble_AraElectra_ArabicBERT
372,568,Q0,20:115-122,3,0.6692456603050232,Ensemble_AraElectra_ArabicBERT
373,568,Q0,5:27-31,4,0.8066046833992004,AraElectra
374,568,Q0,15:80-84,5,0.8057687282562256,AraElectra
375,568,Q0,37:62-74,6,0.8021326065063477,AraElectra
376,568,Q0,7:80-84,7,0.7999764084815979,AraElectra
377,568,Q0,27:54-58,8,0.7939589619636536,AraElectra
378,568,Q0,91:11-15,9,0.7902946472167969,AraElectra
379,568,Q0,7:138-140,10,0.7839908599853516,AraElectra
380,570,Q0,2:3-5,1,0.6222461313009262,Ensemble_AraElectra_ArabicBERT
381,570,Q0,13:18-24,2,0.6019191145896912,Ensemble_AraElectra_ArabicBERT
382,570,Q0,8:1-4,3,0.8163512945175171,AraElectra
383,570,Q0,4:162-162,4,0.7940942645072937,AraElectra
384,570,Q0,98:6-8,5,0.7865351438522339,AraElectra
385,570,Q0,25:63-77,6,0.7856966853141785,AraElectra
386,570,Q0,9:111-112,7,0.7842999696731567,AraElectra
387,570,Q0,2:111-112,8,0.7822016477584839,AraElectra
388,570,Q0,5:54-56,9,0.782017707824707,AraElectra
389,570,Q0,3:110-115,10,0.7807839512825012,AraElectra
390,571,Q0,2:275-276,1,0.7842613458633423,Ensemble_AraElectra_ArabicBERT
391,571,Q0,2:188-188,2,0.6322001963853836,Ensemble_AraElectra_ArabicBERT
392,571,Q0,17:31-35,3,0.6214663237333298,Ensemble_AraElectra_ArabicBERT
393,571,Q0,5:89-89,4,0.5757397711277008,Ensemble_AraElectra_ArabicBERT
394,571,Q0,8:15-16,5,0.8270549178123474,AraElectra
395,571,Q0,4:19-21,6,0.8191198110580444,AraElectra
396,571,Q0,4:92-93,7,0.8098970651626587,AraElectra
397,571,Q0,60:10-11,8,0.8098556995391846,AraElectra
398,571,Q0,58:1-4,9,0.8003538846969604,AraElectra
399,571,Q0,2:233-233,10,0.7982660531997681,AraElectra
400,575,Q0,97:1-5,1,0.7075210809707642,Ensemble_AraElectra_ArabicBERT
401,575,Q0,44:1-8,2,0.6889311373233795,Ensemble_AraElectra_ArabicBERT
402,575,Q0,76:23-26,3,0.5886344909667969,Ensemble_AraElectra_ArabicBERT
403,575,Q0,46:1-5,4,0.8715800046920776,AraElectra
404,575,Q0,4:47-48,5,0.867610514163971,AraElectra
405,575,Q0,13:36-37,6,0.8563277721405029,AraElectra
406,575,Q0,4:163-166,7,0.851049542427063,AraElectra
407,575,Q0,2:99-101,8,0.8453079462051392,AraElectra
408,575,Q0,6:19-21,9,0.8396340608596802,AraElectra
409,575,Q0,5:67-69,10,0.8317425847053528,AraElectra
410,576,Q0,43:67-73,1,0.6156305074691772,Ensemble_AraElectra_ArabicBERT
411,576,Q0,57:18-21,2,0.6098608374595642,Ensemble_AraElectra_ArabicBERT
412,576,Q0,16:30-32,3,0.8632742166519165,AraElectra
413,576,Q0,3:169-175,4,0.8522194623947144,AraElectra
414,576,Q0,16:41-42,5,0.8417689204216003,AraElectra
415,576,Q0,10:26-27,6,0.8369361162185669,AraElectra
416,576,Q0,3:145-148,7,0.8333764672279358,AraElectra
417,576,Q0,3:159-160,8,0.8313916921615601,AraElectra
418,576,Q0,18:107-108,9,0.8288028240203857,AraElectra
419,576,Q0,10:62-64,10,0.8274472951889038,AraElectra
420,577,Q0,2:272-274,1,0.6723741590976715,Ensemble_AraElectra_ArabicBERT
421,577,Q0,2:265-266,2,0.6648495495319366,Ensemble_AraElectra_ArabicBERT
422,577,Q0,2:267-269,3,0.658754974603653,Ensemble_AraElectra_ArabicBERT
423,577,Q0,2:261-264,4,0.6577206552028656,Ensemble_AraElectra_ArabicBERT
424,577,Q0,2:243-245,5,0.6537056565284729,Ensemble_AraElectra_ArabicBERT
425,577,Q0,2:215-215,6,0.8204861879348755,AraElectra
426,577,Q0,2:270-271,7,0.8157699108123779,AraElectra
427,577,Q0,2:189-189,8,0.7683810591697693,AraElectra
428,577,Q0,2:219-219,9,0.759280264377594,AraElectra
429,577,Q0,2:158-158,10,0.7502989172935486,AraElectra
430,580,Q0,15:26-44,1,0.7492222785949707,Ensemble_AraElectra_ArabicBERT
431,580,Q0,4:117-121,2,0.6937392354011536,Ensemble_AraElectra_ArabicBERT
432,580,Q0,61:5-5,3,0.8698972463607788,AraElectra
433,580,Q0,69:25-37,4,0.8347837924957275,AraElectra
434,580,Q0,101:6-11,5,0.8262879848480225,AraElectra
435,580,Q0,22:3-4,6,0.8225396275520325,AraElectra
436,580,Q0,70:36-39,7,0.8214365243911743,AraElectra
437,580,Q0,15:80-84,8,0.819707453250885,AraElectra
438,580,Q0,15:78-79,9,0.8183340430259705,AraElectra
439,580,Q0,36:59-68,10,0.8177987337112427,AraElectra
440,582,Q0,9:100-100,1,0.5332525372505188,Ensemble_AraElectra_ArabicBERT
441,582,Q0,2:253-254,2,0.5215092301368713,Ensemble_AraElectra_ArabicBERT
442,582,Q0,3:54-58,3,0.5099201202392578,Ensemble_AraElectra_ArabicBERT
443,582,Q0,40:7-9,4,0.49484893679618835,Ensemble_AraElectra_ArabicBERT
444,582,Q0,9:117-121,5,0.7279049158096313,AraElectra
445,582,Q0,70:1-7,6,0.7270904183387756,AraElectra
446,582,Q0,61:10-14,7,0.709220290184021,AraElectra
447,582,Q0,18:25-26,8,0.7066588997840881,AraElectra
448,582,Q0,2:124-129,9,0.6950178146362305,AraElectra
449,582,Q0,17:1-1,10,0.6925795078277588,AraElectra
450,604,Q0,42:23-26,1,0.7137208580970764,Ensemble_AraElectra_ArabicBERT
451,604,Q0,22:23-24,2,0.8851199150085449,AraElectra
452,604,Q0,75:20-25,3,0.8848719000816345,AraElectra
453,604,Q0,35:9-11,4,0.8841896057128906,AraElectra
454,604,Q0,3:185-186,5,0.8748747706413269,AraElectra
455,604,Q0,47:33-38,6,0.8724678754806519,AraElectra
456,604,Q0,18:29-31,7,0.8692795038223267,AraElectra
457,604,Q0,4:26-28,8,0.8656502962112427,AraElectra
458,604,Q0,3:137-144,9,0.8649398684501648,AraElectra
459,604,Q0,8:45-49,10,0.8634668588638306,AraElectra
460,610,Q0,32:1-3,1,0.7471020519733429,Ensemble_AraElectra_ArabicBERT
461,610,Q0,41:53-54,2,0.7382133901119232,Ensemble_AraElectra_ArabicBERT
462,610,Q0,85:17-22,3,0.718881756067276,Ensemble_AraElectra_ArabicBERT
463,610,Q0,41:40-44,4,0.7177420258522034,Ensemble_AraElectra_ArabicBERT
464,610,Q0,10:37-44,5,0.717060923576355,Ensemble_AraElectra_ArabicBERT
465,610,Q0,39:27-31,6,0.7147522270679474,Ensemble_AraElectra_ArabicBERT
466,610,Q0,17:88-89,7,0.9513698816299438,AraElectra
467,610,Q0,7:187-187,8,0.9197824597358704,AraElectra
468,610,Q0,75:16-19,9,0.9187456965446472,AraElectra
469,610,Q0,18:54-56,10,0.9142814874649048,AraElectra
470,611,Q0,3:18-20,1,0.805993527173996,Ensemble_AraElectra_ArabicBERT
471,611,Q0,4:135-136,2,0.7672127485275269,Ensemble_AraElectra_ArabicBERT
472,611,Q0,2:135-138,3,0.7558029592037201,Ensemble_AraElectra_ArabicBERT
473,611,Q0,42:13-15,4,0.7545808553695679,Ensemble_AraElectra_ArabicBERT
474,611,Q0,29:46-47,5,0.7516563534736633,Ensemble_AraElectra_ArabicBERT
475,611,Q0,98:1-5,6,0.7423599362373352,Ensemble_AraElectra_ArabicBERT
476,611,Q0,5:67-69,7,0.7334941625595093,Ensemble_AraElectra_ArabicBERT
477,611,Q0,3:84-85,8,0.7284783124923706,Ensemble_AraElectra_ArabicBERT
478,611,Q0,6:161-163,9,0.9062572121620178,AraElectra
479,611,Q0,21:25-29,10,0.8781800270080566,AraElectra
480,613,Q0,17:57-58,1,0.7448557615280151,Ensemble_AraElectra_ArabicBERT
481,613,Q0,41:30-32,2,0.6983327865600586,Ensemble_AraElectra_ArabicBERT
482,613,Q0,32:15-17,3,0.6966371536254883,Ensemble_AraElectra_ArabicBERT
483,613,Q0,39:9-10,4,0.6924684941768646,Ensemble_AraElectra_ArabicBERT
484,613,Q0,13:18-24,5,0.679489403963089,Ensemble_AraElectra_ArabicBERT
485,613,Q0,13:12-13,6,0.642890140414238,Ensemble_AraElectra_ArabicBERT
486,613,Q0,7:54-56,7,0.6420864313840866,Ensemble_AraElectra_ArabicBERT
487,613,Q0,110:1-3,8,0.8783975839614868,AraElectra
488,613,Q0,5:65-66,9,0.8308724164962769,AraElectra
489,613,Q0,4:173-175,10,0.829875648021698,AraElectra
