500	Q0	37:83-98	1	0.657341867685318	Ensemble_ArabicBERT_CL_AraBERT
500	Q0	19:41-50	2	0.6354812681674957	Ensemble_ArabicBERT_CL_AraBERT
500	Q0	21:69-73	3	0.6311965584754944	Ensemble_ArabicBERT_CL_AraBERT
500	Q0	21:51-68	4	0.6065190434455872	Ensemble_ArabicBERT_CL_AraBERT
500	Q0	29:24-27	5	0.5942257940769196	Ensemble_ArabicBERT_CL_AraBERT
500	Q0	14:35-41	6	0.5821674466133118	Ensemble_ArabicBERT_CL_AraBERT
500	Q0	11:69-76	7	0.5527447462081909	Ensemble_ArabicBERT_CL_AraBERT
500	Q0	2:124-129	8	0.5487387925386429	Ensemble_ArabicBERT_CL_AraBERT
500	Q0	9:113-116	9	0.5460157096385956	Ensemble_ArabicBERT_CL_AraBERT
500	Q0	6:74-79	10	0.530867338180542	Ensemble_ArabicBERT_CL_AraBERT
502	Q0	7:188-188	1	0.7464580237865448	Ensemble_ArabicBERT_CL_AraBERT
502	Q0	72:25-28	2	0.7328208088874817	Ensemble_ArabicBERT_CL_AraBERT
502	Q0	10:18-20	3	0.7134671211242676	Ensemble_ArabicBERT_CL_AraBERT
502	Q0	6:59-59	4	0.6973639130592346	Ensemble_ArabicBERT_CL_AraBERT
502	Q0	11:49-49	5	0.6254304051399231	Ensemble_ArabicBERT_CL_AraBERT
502	Q0	27:59-66	6	0.6245620250701904	Ensemble_ArabicBERT_CL_AraBERT
502	Q0	12:102-107	7	0.6021538972854614	Ensemble_ArabicBERT_CL_AraBERT
502	Q0	7:187-187	8	0.6013135313987732	Ensemble_ArabicBERT_CL_AraBERT
502	Q0	11:25-31	9	0.5998826622962952	Ensemble_ArabicBERT_CL_AraBERT
502	Q0	5:109-109	10	0.5801318287849426	Ensemble_ArabicBERT_CL_AraBERT
504	Q0	18:9-16	1	0.6543739438056946	Ensemble_ArabicBERT_CL_AraBERT
504	Q0	18:25-26	2	0.5466881990432739	Ensemble_ArabicBERT_CL_AraBERT
504	Q0	18:78-82	3	0.44190870225429535	Ensemble_ArabicBERT_CL_AraBERT
504	Q0	20:38-48	4	0.3970218002796173	Ensemble_ArabicBERT_CL_AraBERT
504	Q0	28:20-21	5	0.3945837616920471	Ensemble_ArabicBERT_CL_AraBERT
504	Q0	27:20-28	6	0.3752906918525696	Ensemble_ArabicBERT_CL_AraBERT
504	Q0	17:1-1	7	0.4648196101188659	CL-AraBERT
504	Q0	12:11-15	8	0.4531036019325256	ArabicBERT
504	Q0	69:9-12	9	0.4413854479789734	ArabicBERT
504	Q0	28:44-46	10	0.4356723427772522	CL-AraBERT
505	Q0	22:49-51	1	0.6879292130470276	Ensemble_ArabicBERT_CL_AraBERT
505	Q0	4:170-170	2	0.6504986584186554	Ensemble_ArabicBERT_CL_AraBERT
505	Q0	4:173-175	3	0.6258974075317383	Ensemble_ArabicBERT_CL_AraBERT
505	Q0	10:57-60	4	0.6105767786502838	Ensemble_ArabicBERT_CL_AraBERT
505	Q0	2:21-22	5	0.5937550067901611	Ensemble_ArabicBERT_CL_AraBERT
505	Q0	36:69-70	6	0.588330090045929	Ensemble_ArabicBERT_CL_AraBERT
505	Q0	25:1-2	7	0.5848184525966644	Ensemble_ArabicBERT_CL_AraBERT
505	Q0	18:54-56	8	0.5752010345458984	Ensemble_ArabicBERT_CL_AraBERT
505	Q0	12:102-107	9	0.5729703307151794	Ensemble_ArabicBERT_CL_AraBERT
505	Q0	14:1-4	10	0.5702531039714813	Ensemble_ArabicBERT_CL_AraBERT
508	Q0	10:31-33	1	0.6347374022006989	Ensemble_ArabicBERT_CL_AraBERT
508	Q0	16:70-72	2	0.6324099898338318	Ensemble_ArabicBERT_CL_AraBERT
508	Q0	35:1-4	3	0.6272611618041992	Ensemble_ArabicBERT_CL_AraBERT
508	Q0	51:52-60	4	0.6126137375831604	Ensemble_ArabicBERT_CL_AraBERT
508	Q0	29:56-60	5	0.6087162494659424	Ensemble_ArabicBERT_CL_AraBERT
508	Q0	15:16-25	6	0.6046746075153351	Ensemble_ArabicBERT_CL_AraBERT
508	Q0	17:31-35	7	0.588976263999939	Ensemble_ArabicBERT_CL_AraBERT
508	Q0	51:15-23	8	0.5835021138191223	Ensemble_ArabicBERT_CL_AraBERT
508	Q0	6:151-153	9	0.582811564207077	Ensemble_ArabicBERT_CL_AraBERT
508	Q0	77:20-28	10	0.5594549179077148	Ensemble_ArabicBERT_CL_AraBERT
510	Q0	2:228-230	1	0.578152596950531	Ensemble_ArabicBERT_CL_AraBERT
510	Q0	65:1-3	2	0.5769218802452087	Ensemble_ArabicBERT_CL_AraBERT
510	Q0	4:2-6	3	0.5709873735904694	Ensemble_ArabicBERT_CL_AraBERT
510	Q0	2:231-232	4	0.566949874162674	Ensemble_ArabicBERT_CL_AraBERT
510	Q0	4:34-35	5	0.5545735657215118	Ensemble_ArabicBERT_CL_AraBERT
510	Q0	2:226-227	6	0.5425333678722382	Ensemble_ArabicBERT_CL_AraBERT
510	Q0	4:127-127	7	0.5386675596237183	Ensemble_ArabicBERT_CL_AraBERT
510	Q0	4:19-21	8	0.5309719443321228	Ensemble_ArabicBERT_CL_AraBERT
510	Q0	33:49-52	9	0.5220578014850616	Ensemble_ArabicBERT_CL_AraBERT
510	Q0	2:240-242	10	0.5215749144554138	Ensemble_ArabicBERT_CL_AraBERT
513	Q0	4:34-35	1	0.5978134274482727	Ensemble_ArabicBERT_CL_AraBERT
513	Q0	33:59-59	2	0.5967997312545776	Ensemble_ArabicBERT_CL_AraBERT
513	Q0	66:6-7	3	0.5965370535850525	Ensemble_ArabicBERT_CL_AraBERT
513	Q0	2:231-232	4	0.5858419239521027	Ensemble_ArabicBERT_CL_AraBERT
513	Q0	65:1-3	5	0.5675163567066193	Ensemble_ArabicBERT_CL_AraBERT
513	Q0	2:228-230	6	0.5471417605876923	Ensemble_ArabicBERT_CL_AraBERT
513	Q0	2:240-242	7	0.5263306200504303	Ensemble_ArabicBERT_CL_AraBERT
513	Q0	33:49-52	8	0.524318590760231	Ensemble_ArabicBERT_CL_AraBERT
513	Q0	4:25-25	9	0.5172193348407745	Ensemble_ArabicBERT_CL_AraBERT
513	Q0	60:12-13	10	0.5171191096305847	Ensemble_ArabicBERT_CL_AraBERT
518	Q0	70:19-21	1	0.6130770444869995	Ensemble_ArabicBERT_CL_AraBERT
518	Q0	69:25-37	2	0.6061658263206482	Ensemble_ArabicBERT_CL_AraBERT
518	Q0	33:18-20	3	0.5872949063777924	Ensemble_ArabicBERT_CL_AraBERT
518	Q0	107:4-7	4	0.5735831558704376	Ensemble_ArabicBERT_CL_AraBERT
518	Q0	17:97-100	5	0.5481939911842346	Ensemble_ArabicBERT_CL_AraBERT
518	Q0	107:1-3	6	0.5415710210800171	Ensemble_ArabicBERT_CL_AraBERT
518	Q0	9:34-35	7	0.534836083650589	Ensemble_ArabicBERT_CL_AraBERT
518	Q0	92:8-11	8	0.5180996358394623	Ensemble_ArabicBERT_CL_AraBERT
518	Q0	47:33-38	9	0.5134982168674469	Ensemble_ArabicBERT_CL_AraBERT
518	Q0	9:75-80	10	0.5011172294616699	Ensemble_ArabicBERT_CL_AraBERT
519	Q0	59:8-10	1	0.5975973904132843	Ensemble_ArabicBERT_CL_AraBERT
519	Q0	92:8-11	2	0.5939168632030487	Ensemble_ArabicBERT_CL_AraBERT
519	Q0	9:75-80	3	0.5857560634613037	Ensemble_ArabicBERT_CL_AraBERT
519	Q0	33:18-20	4	0.574114054441452	Ensemble_ArabicBERT_CL_AraBERT
519	Q0	69:25-37	5	0.5625942945480347	Ensemble_ArabicBERT_CL_AraBERT
519	Q0	47:33-38	6	0.5560900568962097	Ensemble_ArabicBERT_CL_AraBERT
519	Q0	107:4-7	7	0.5549143254756927	Ensemble_ArabicBERT_CL_AraBERT
519	Q0	9:34-35	8	0.5546217262744904	Ensemble_ArabicBERT_CL_AraBERT
519	Q0	57:22-24	9	0.5388281494379044	Ensemble_ArabicBERT_CL_AraBERT
519	Q0	64:14-18	10	0.5387899875640869	Ensemble_ArabicBERT_CL_AraBERT
521	Q0	4:110-112	1	0.640473872423172	Ensemble_ArabicBERT_CL_AraBERT
521	Q0	45:21-22	2	0.620386153459549	Ensemble_ArabicBERT_CL_AraBERT
521	Q0	41:45-46	3	0.5932493209838867	Ensemble_ArabicBERT_CL_AraBERT
521	Q0	3:181-184	4	0.5842461287975311	Ensemble_ArabicBERT_CL_AraBERT
521	Q0	99:1-8	5	0.5685024261474609	Ensemble_ArabicBERT_CL_AraBERT
521	Q0	39:6-8	6	0.5650974810123444	Ensemble_ArabicBERT_CL_AraBERT
521	Q0	22:8-13	7	0.5610410571098328	Ensemble_ArabicBERT_CL_AraBERT
521	Q0	6:164-165	8	0.5607127845287323	Ensemble_ArabicBERT_CL_AraBERT
521	Q0	52:17-28	9	0.5514489412307739	Ensemble_ArabicBERT_CL_AraBERT
521	Q0	74:38-48	10	0.5312336534261703	Ensemble_ArabicBERT_CL_AraBERT
522	Q0	2:267-269	1	0.4033636748790741	Ensemble_ArabicBERT_CL_AraBERT
522	Q0	9:34-35	2	0.399187907576561	Ensemble_ArabicBERT_CL_AraBERT
522	Q0	2:275-276	3	0.3817237913608551	Ensemble_ArabicBERT_CL_AraBERT
522	Q0	47:33-38	4	0.3752989172935486	Ensemble_ArabicBERT_CL_AraBERT
522	Q0	2:219-219	5	0.3710096478462219	Ensemble_ArabicBERT_CL_AraBERT
522	Q0	2:270-271	6	0.3693822920322418	Ensemble_ArabicBERT_CL_AraBERT
522	Q0	2:272-274	7	0.4819337725639343	CL-AraBERT
522	Q0	92:8-11	8	0.4776813685894012	CL-AraBERT
522	Q0	2:261-264	9	0.4431120157241821	CL-AraBERT
522	Q0	26:176-191	10	0.4430174827575683	CL-AraBERT
525	Q0	26:123-140	1	0.6772184073925018	Ensemble_ArabicBERT_CL_AraBERT
525	Q0	26:105-122	2	0.6500790417194366	Ensemble_ArabicBERT_CL_AraBERT
525	Q0	44:17-33	3	0.6165387034416199	Ensemble_ArabicBERT_CL_AraBERT
525	Q0	8:27-29	4	0.6150349378585815	Ensemble_ArabicBERT_CL_AraBERT
525	Q0	7:65-72	5	0.6107681095600128	Ensemble_ArabicBERT_CL_AraBERT
525	Q0	3:81-83	6	0.5908036231994629	Ensemble_ArabicBERT_CL_AraBERT
525	Q0	70:22-35	7	0.5819114446640015	Ensemble_ArabicBERT_CL_AraBERT
525	Q0	81:15-25	8	0.5802386552095413	Ensemble_ArabicBERT_CL_AraBERT
525	Q0	3:75-77	9	0.549530953168869	Ensemble_ArabicBERT_CL_AraBERT
525	Q0	26:176-191	10	0.539222925901413	Ensemble_ArabicBERT_CL_AraBERT
527	Q0	6:42-45	1	0.550171285867691	Ensemble_ArabicBERT_CL_AraBERT
527	Q0	3:185-186	2	0.5365893840789795	Ensemble_ArabicBERT_CL_AraBERT
527	Q0	28:1-6	3	0.5356975793838501	Ensemble_ArabicBERT_CL_AraBERT
527	Q0	8:17-19	4	0.5332343429327011	Ensemble_ArabicBERT_CL_AraBERT
527	Q0	8:42-44	5	0.532717227935791	Ensemble_ArabicBERT_CL_AraBERT
527	Q0	29:1-7	6	0.5300457626581192	Ensemble_ArabicBERT_CL_AraBERT
527	Q0	2:154-157	7	0.5263879597187042	Ensemble_ArabicBERT_CL_AraBERT
527	Q0	18:7-8	8	0.5241902321577072	Ensemble_ArabicBERT_CL_AraBERT
527	Q0	8:9-14	9	0.5136877745389938	Ensemble_ArabicBERT_CL_AraBERT
527	Q0	47:30-32	10	0.4916301965713501	Ensemble_ArabicBERT_CL_AraBERT
528	Q0	15:90-99	1	0.5884996652603149	Ensemble_ArabicBERT_CL_AraBERT
528	Q0	8:17-19	2	0.5653759241104126	Ensemble_ArabicBERT_CL_AraBERT
528	Q0	6:33-35	3	0.5641346573829651	Ensemble_ArabicBERT_CL_AraBERT
528	Q0	85:1-9	4	0.5593571662902832	Ensemble_ArabicBERT_CL_AraBERT
528	Q0	76:1-4	5	0.5414584875106812	Ensemble_ArabicBERT_CL_AraBERT
528	Q0	37:99-113	6	0.5383783280849457	Ensemble_ArabicBERT_CL_AraBERT
528	Q0	5:94-95	7	0.5234974324703217	Ensemble_ArabicBERT_CL_AraBERT
528	Q0	61:5-5	8	0.5134446024894714	Ensemble_ArabicBERT_CL_AraBERT
528	Q0	2:154-157	9	0.48076924681663513	Ensemble_ArabicBERT_CL_AraBERT
528	Q0	47:30-32	10	0.4782732278108597	Ensemble_ArabicBERT_CL_AraBERT
529	Q0	28:81-84	1	0.6589443683624268	Ensemble_ArabicBERT_CL_AraBERT
529	Q0	39:49-52	2	0.6487074196338654	Ensemble_ArabicBERT_CL_AraBERT
529	Q0	30:33-37	3	0.6454484164714813	Ensemble_ArabicBERT_CL_AraBERT
529	Q0	6:42-45	4	0.6145812273025513	Ensemble_ArabicBERT_CL_AraBERT
529	Q0	13:25-27	5	0.6017972528934479	Ensemble_ArabicBERT_CL_AraBERT
529	Q0	68:17-33	6	0.5744120478630066	Ensemble_ArabicBERT_CL_AraBERT
529	Q0	7:167-171	7	0.5716744661331177	Ensemble_ArabicBERT_CL_AraBERT
529	Q0	7:94-95	8	0.5690300464630127	Ensemble_ArabicBERT_CL_AraBERT
529	Q0	74:11-26	9	0.5548965930938721	Ensemble_ArabicBERT_CL_AraBERT
529	Q0	34:34-39	10	0.5528189539909363	Ensemble_ArabicBERT_CL_AraBERT
531	Q0	7:146-147	1	0.6503857970237732	Ensemble_ArabicBERT_CL_AraBERT
531	Q0	9:53-55	2	0.6293225586414337	Ensemble_ArabicBERT_CL_AraBERT
531	Q0	14:13-18	3	0.6048146188259125	Ensemble_ArabicBERT_CL_AraBERT
531	Q0	18:99-106	4	0.5981650352478027	Ensemble_ArabicBERT_CL_AraBERT
531	Q0	9:17-18	5	0.590478390455246	Ensemble_ArabicBERT_CL_AraBERT
531	Q0	24:39-40	6	0.5651373267173767	Ensemble_ArabicBERT_CL_AraBERT
531	Q0	11:15-17	7	0.551855206489563	Ensemble_ArabicBERT_CL_AraBERT
531	Q0	25:21-29	8	0.5457920432090759	Ensemble_ArabicBERT_CL_AraBERT
531	Q0	3:21-22	9	0.5198133289813995	Ensemble_ArabicBERT_CL_AraBERT
531	Q0	47:25-29	10	0.5172578692436218	Ensemble_ArabicBERT_CL_AraBERT
533	Q0	42:23-26	1	0.6697799563407898	Ensemble_ArabicBERT_CL_AraBERT
533	Q0	4:148-149	2	0.6609693765640259	Ensemble_ArabicBERT_CL_AraBERT
533	Q0	3:133-136	3	0.6342688500881195	Ensemble_ArabicBERT_CL_AraBERT
533	Q0	24:21-22	4	0.6102067232131958	Ensemble_ArabicBERT_CL_AraBERT
533	Q0	42:37-43	5	0.5983543992042542	Ensemble_ArabicBERT_CL_AraBERT
533	Q0	4:128-130	6	0.582874596118927	Ensemble_ArabicBERT_CL_AraBERT
533	Q0	64:14-18	7	0.5672015845775604	Ensemble_ArabicBERT_CL_AraBERT
533	Q0	9:90-96	8	0.564358651638031	Ensemble_ArabicBERT_CL_AraBERT
533	Q0	11:112-115	9	0.5163155794143677	Ensemble_ArabicBERT_CL_AraBERT
533	Q0	16:125-128	10	0.5124209523200989	Ensemble_ArabicBERT_CL_AraBERT
534	Q0	22:23-24	1	0.6570953130722046	Ensemble_ArabicBERT_CL_AraBERT
534	Q0	76:12-22	2	0.5037727952003479	Ensemble_ArabicBERT_CL_AraBERT
534	Q0	18:29-31	3	0.47100949287414545	Ensemble_ArabicBERT_CL_AraBERT
534	Q0	35:29-35	4	0.46630510687828064	Ensemble_ArabicBERT_CL_AraBERT
534	Q0	9:34-35	5	0.43566106259822845	Ensemble_ArabicBERT_CL_AraBERT
534	Q0	37:40-49	6	0.3802426904439926	Ensemble_ArabicBERT_CL_AraBERT
534	Q0	88:8-16	7	0.4300683736801147	CL-AraBERT
534	Q0	3:116-117	8	0.4257326126098633	ArabicBERT
534	Q0	18:45-46	9	0.4103890061378479	ArabicBERT
534	Q0	108:1-3	10	0.4063957929611206	ArabicBERT
535	Q0	13:28-29	1	0.3586185425519943	Ensemble_ArabicBERT_CL_AraBERT
535	Q0	14:24-27	2	0.3435639441013336	Ensemble_ArabicBERT_CL_AraBERT
535	Q0	20:38-48	3	0.31788140535354614	Ensemble_ArabicBERT_CL_AraBERT
535	Q0	44:51-59	4	0.3049342632293701	Ensemble_ArabicBERT_CL_AraBERT
535	Q0	57:12-15	5	0.29807646572589874	Ensemble_ArabicBERT_CL_AraBERT
535	Q0	43:67-73	6	0.4159448742866516	CL-AraBERT
535	Q0	59:8-10	7	0.3826203942298889	ArabicBERT
535	Q0	3:159-160	8	0.3722762763500213	ArabicBERT
535	Q0	15:45-50	9	0.3691274523735046	CL-AraBERT
535	Q0	89:21-30	10	0.3680728673934936	CL-AraBERT
536	Q0	2:238-239	1	0.7192535698413849	Ensemble_ArabicBERT_CL_AraBERT
536	Q0	4:34-35	2	0.6653650999069214	Ensemble_ArabicBERT_CL_AraBERT
536	Q0	33:28-31	3	0.6162673830986023	Ensemble_ArabicBERT_CL_AraBERT
536	Q0	3:42-44	4	0.5836196839809418	Ensemble_ArabicBERT_CL_AraBERT
536	Q0	33:35-35	5	0.5610627830028534	Ensemble_ArabicBERT_CL_AraBERT
536	Q0	2:231-232	6	0.5483703315258026	Ensemble_ArabicBERT_CL_AraBERT
536	Q0	33:32-34	7	0.5382505059242249	Ensemble_ArabicBERT_CL_AraBERT
536	Q0	65:1-3	8	0.5141478776931763	Ensemble_ArabicBERT_CL_AraBERT
536	Q0	4:127-127	9	0.4830399304628372	Ensemble_ArabicBERT_CL_AraBERT
536	Q0	2:228-230	10	0.480003222823143	Ensemble_ArabicBERT_CL_AraBERT
539	Q0	23:93-98	1	0.6072381138801575	Ensemble_ArabicBERT_CL_AraBERT
539	Q0	4:85-87	2	0.5744878053665161	Ensemble_ArabicBERT_CL_AraBERT
539	Q0	24:58-61	3	0.5364173054695129	Ensemble_ArabicBERT_CL_AraBERT
539	Q0	24:27-29	4	0.5343855917453766	Ensemble_ArabicBERT_CL_AraBERT
539	Q0	58:11-11	5	0.5144413709640503	Ensemble_ArabicBERT_CL_AraBERT
539	Q0	4:114-115	6	0.5095472037792206	Ensemble_ArabicBERT_CL_AraBERT
539	Q0	3:159-160	7	0.49926304817199707	Ensemble_ArabicBERT_CL_AraBERT
539	Q0	3:133-136	8	0.4920570105314255	Ensemble_ArabicBERT_CL_AraBERT
539	Q0	2:215-215	9	0.4918169677257538	Ensemble_ArabicBERT_CL_AraBERT
539	Q0	16:125-128	10	0.48288407921791077	Ensemble_ArabicBERT_CL_AraBERT
540	Q0	5:65-66	1	0.5900890529155731	Ensemble_ArabicBERT_CL_AraBERT
540	Q0	10:62-64	2	0.5800133347511292	Ensemble_ArabicBERT_CL_AraBERT
540	Q0	7:96-102	3	0.5366120338439941	Ensemble_ArabicBERT_CL_AraBERT
540	Q0	18:45-46	4	0.5275574326515198	Ensemble_ArabicBERT_CL_AraBERT
540	Q0	16:30-32	5	0.521211788058281	Ensemble_ArabicBERT_CL_AraBERT
540	Q0	34:15-19	6	0.5198439061641693	Ensemble_ArabicBERT_CL_AraBERT
540	Q0	42:20-22	7	0.5123879462480545	Ensemble_ArabicBERT_CL_AraBERT
540	Q0	16:94-97	8	0.507488951086998	Ensemble_ArabicBERT_CL_AraBERT
540	Q0	10:24-25	9	0.5025982558727264	Ensemble_ArabicBERT_CL_AraBERT
540	Q0	14:5-8	10	0.47822219133377075	Ensemble_ArabicBERT_CL_AraBERT
541	Q0	59:1-5	1	0.5216121822595596	Ensemble_ArabicBERT_CL_AraBERT
541	Q0	33:60-62	2	0.48028238117694855	Ensemble_ArabicBERT_CL_AraBERT
541	Q0	9:107-110	3	0.40198661386966705	Ensemble_ArabicBERT_CL_AraBERT
541	Q0	8:30-37	4	0.3918572813272476	Ensemble_ArabicBERT_CL_AraBERT
541	Q0	8:67-71	5	0.38430929183959955	Ensemble_ArabicBERT_CL_AraBERT
541	Q0	5:61-64	6	0.5053693056106567	ArabicBERT
541	Q0	34:15-19	7	0.4738293886184692	ArabicBERT
541	Q0	27:45-53	8	0.4656831920146942	ArabicBERT
541	Q0	21:11-15	9	0.4641226530075073	ArabicBERT
541	Q0	48:24-26	10	0.4588567018508911	ArabicBERT
542	Q0	42:37-43	1	0.5742740333080292	Ensemble_ArabicBERT_CL_AraBERT
542	Q0	3:159-160	2	0.5674198567867279	Ensemble_ArabicBERT_CL_AraBERT
542	Q0	46:33-35	3	0.5631689727306366	Ensemble_ArabicBERT_CL_AraBERT
542	Q0	3:185-186	4	0.5580281615257263	Ensemble_ArabicBERT_CL_AraBERT
542	Q0	8:45-49	5	0.5578210353851318	Ensemble_ArabicBERT_CL_AraBERT
542	Q0	3:169-175	6	0.5354200154542923	Ensemble_ArabicBERT_CL_AraBERT
542	Q0	3:145-148	7	0.5323193073272705	Ensemble_ArabicBERT_CL_AraBERT
542	Q0	7:113-126	8	0.5128861665725708	Ensemble_ArabicBERT_CL_AraBERT
542	Q0	2:249-252	9	0.5045817494392395	Ensemble_ArabicBERT_CL_AraBERT
542	Q0	8:62-66	10	0.5008220970630646	Ensemble_ArabicBERT_CL_AraBERT
544	Q0	7:142-143	1	0.5398478806018829	Ensemble_ArabicBERT_CL_AraBERT
544	Q0	75:20-25	2	0.42660994827747345	Ensemble_ArabicBERT_CL_AraBERT
544	Q0	79:34-41	3	0.41631484031677246	Ensemble_ArabicBERT_CL_AraBERT
544	Q0	6:27-32	4	0.4735112488269806	CL-AraBERT
544	Q0	82:6-8	5	0.4711988568305969	CL-AraBERT
544	Q0	7:44-45	6	0.4624092280864715	CL-AraBERT
544	Q0	10:62-64	7	0.456560730934143	CL-AraBERT
544	Q0	7:146-147	8	0.4557394385337829	CL-AraBERT
544	Q0	67:1-5	9	0.4514698386192322	CL-AraBERT
544	Q0	3:161-163	10	0.4465402066707611	ArabicBERT
545	Q0	102:5-8	1	0.6168462932109833	Ensemble_ArabicBERT_CL_AraBERT
545	Q0	41:53-54	2	0.5145695805549622	Ensemble_ArabicBERT_CL_AraBERT
545	Q0	2:1-2	3	0.4560681879520416	Ensemble_ArabicBERT_CL_AraBERT
545	Q0	10:34-36	4	0.4238177239894867	Ensemble_ArabicBERT_CL_AraBERT
545	Q0	40:13-20	5	0.398690328001976	Ensemble_ArabicBERT_CL_AraBERT
545	Q0	67:24-27	6	0.3937148302793503	Ensemble_ArabicBERT_CL_AraBERT
545	Q0	42:16-19	7	0.39190390706062317	Ensemble_ArabicBERT_CL_AraBERT
545	Q0	72:25-28	8	0.5212825536727905	ArabicBERT
545	Q0	7:188-188	9	0.4615662097930908	ArabicBERT
545	Q0	27:59-66	10	0.4579274654388428	ArabicBERT
546	Q0	102:5-8	1	0.6096105575561523	Ensemble_ArabicBERT_CL_AraBERT
546	Q0	2:1-2	2	0.49649155139923096	Ensemble_ArabicBERT_CL_AraBERT
546	Q0	41:53-54	3	0.49323034286499023	Ensemble_ArabicBERT_CL_AraBERT
546	Q0	10:34-36	4	0.4585249274969101	Ensemble_ArabicBERT_CL_AraBERT
546	Q0	67:12-12	5	0.4209626168012619	Ensemble_ArabicBERT_CL_AraBERT
546	Q0	67:24-27	6	0.4113787114620209	Ensemble_ArabicBERT_CL_AraBERT
546	Q0	42:16-19	7	0.3955327868461609	Ensemble_ArabicBERT_CL_AraBERT
546	Q0	72:25-28	8	0.5037033557891846	ArabicBERT
546	Q0	74:38-48	9	0.4971237182617187	CL-AraBERT
546	Q0	7:188-188	10	0.4588235914707184	ArabicBERT
547	Q0	9:38-40	1	0.5821890234947205	Ensemble_ArabicBERT_CL_AraBERT
547	Q0	33:9-17	2	0.4545329809188843	Ensemble_ArabicBERT_CL_AraBERT
547	Q0	9:25-27	3	0.4466075748205185	Ensemble_ArabicBERT_CL_AraBERT
547	Q0	63:5-8	4	0.4147317707538605	Ensemble_ArabicBERT_CL_AraBERT
547	Q0	49:1-5	5	0.4091511070728302	Ensemble_ArabicBERT_CL_AraBERT
547	Q0	9:117-121	6	0.40902048349380493	Ensemble_ArabicBERT_CL_AraBERT
547	Q0	2:124-129	7	0.4053458571434021	Ensemble_ArabicBERT_CL_AraBERT
547	Q0	8:45-49	8	0.4765726625919342	CL-AraBERT
547	Q0	38:41-44	9	0.4569391012191772	ArabicBERT
547	Q0	9:81-85	10	0.4486590027809143	CL-AraBERT
550	Q0	37:99-113	1	0.5571784377098083	Ensemble_ArabicBERT_CL_AraBERT
550	Q0	11:69-76	2	0.5370452404022217	Ensemble_ArabicBERT_CL_AraBERT
550	Q0	9:113-116	3	0.5352076590061188	Ensemble_ArabicBERT_CL_AraBERT
550	Q0	11:84-88	4	0.5106145739555359	Ensemble_ArabicBERT_CL_AraBERT
550	Q0	19:41-50	5	0.4341446757316589	Ensemble_ArabicBERT_CL_AraBERT
550	Q0	15:51-60	6	0.43106074631214136	Ensemble_ArabicBERT_CL_AraBERT
550	Q0	51:24-37	7	0.38856741786003113	Ensemble_ArabicBERT_CL_AraBERT
550	Q0	26:69-89	8	0.3825038969516754	Ensemble_ArabicBERT_CL_AraBERT
550	Q0	11:89-95	9	0.378129318356514	Ensemble_ArabicBERT_CL_AraBERT
550	Q0	2:124-129	10	0.3673715144395828	Ensemble_ArabicBERT_CL_AraBERT
552	Q0	8:42-44	1	0.6135321259498596	Ensemble_ArabicBERT_CL_AraBERT
552	Q0	8:45-49	2	0.6044674515724182	Ensemble_ArabicBERT_CL_AraBERT
552	Q0	3:152-155	3	0.5732473433017731	Ensemble_ArabicBERT_CL_AraBERT
552	Q0	4:71-73	4	0.5178123414516449	Ensemble_ArabicBERT_CL_AraBERT
552	Q0	8:62-66	5	0.4520465284585953	Ensemble_ArabicBERT_CL_AraBERT
552	Q0	9:122-123	6	0.4380479156970978	Ensemble_ArabicBERT_CL_AraBERT
552	Q0	8:15-16	7	0.39920324087142944	Ensemble_ArabicBERT_CL_AraBERT
552	Q0	3:121-129	8	0.5939915776252747	CL-AraBERT
552	Q0	8:9-14	9	0.5545758008956909	CL-AraBERT
552	Q0	9:25-27	10	0.529466986656189	CL-AraBERT
554	Q0	20:38-48	1	0.3481332063674927	Ensemble_ArabicBERT_CL_AraBERT
554	Q0	7:65-72	2	0.3226728737354278	Ensemble_ArabicBERT_CL_AraBERT
554	Q0	96:9-19	3	0.30410178005695343	Ensemble_ArabicBERT_CL_AraBERT
554	Q0	11:50-60	4	0.3658108711242676	CL-AraBERT
554	Q0	33:4-6	5	0.3655938804149627	ArabicBERT
554	Q0	77:29-40	6	0.3623091280460357	ArabicBERT
554	Q0	66:1-5	7	0.3577897846698761	ArabicBERT
554	Q0	26:213-227	8	0.356431245803833	ArabicBERT
554	Q0	2:224-225	9	0.3538438677787781	CL-AraBERT
554	Q0	24:58-61	10	0.3449879288673401	ArabicBERT
555	Q0	49:11-13	1	0.6107667088508606	Ensemble_ArabicBERT_CL_AraBERT
555	Q0	7:38-41	2	0.3853500187397003	Ensemble_ArabicBERT_CL_AraBERT
555	Q0	7:141-141	3	0.4893015027046203	ArabicBERT
555	Q0	7:31-34	4	0.4832468032836914	ArabicBERT
555	Q0	24:58-61	5	0.4805715680122375	ArabicBERT
555	Q0	4:31-31	6	0.4589552879333496	ArabicBERT
555	Q0	2:204-207	7	0.4573423564434051	ArabicBERT
555	Q0	7:164-166	8	0.4424893260002136	ArabicBERT
555	Q0	24:30-31	9	0.4397716522216797	ArabicBERT
555	Q0	8:52-54	10	0.4333404004573822	ArabicBERT
557	Q0	58:7-10	1	0.6977620720863342	Ensemble_ArabicBERT_CL_AraBERT
557	Q0	4:114-115	2	0.5684708058834076	Ensemble_ArabicBERT_CL_AraBERT
557	Q0	49:1-5	3	0.3761647939682007	Ensemble_ArabicBERT_CL_AraBERT
557	Q0	43:74-80	4	0.4848088026046753	CL-AraBERT
557	Q0	15:26-44	5	0.4281352758407593	ArabicBERT
557	Q0	41:49-52	6	0.4261016845703125	ArabicBERT
557	Q0	24:58-61	7	0.4233475923538208	ArabicBERT
557	Q0	22:25-29	8	0.4224513173103332	ArabicBERT
557	Q0	14:21-23	9	0.416700005531311	ArabicBERT
557	Q0	2:196-203	10	0.415141761302948	ArabicBERT
558	Q0	30:28-32	1	0.6106705963611603	Ensemble_ArabicBERT_CL_AraBERT
558	Q0	7:172-174	2	0.6042661368846893	Ensemble_ArabicBERT_CL_AraBERT
558	Q0	43:26-28	3	0.5272757261991501	Ensemble_ArabicBERT_CL_AraBERT
558	Q0	2:135-138	4	0.5190466046333313	Ensemble_ArabicBERT_CL_AraBERT
558	Q0	16:35-40	5	0.4555583596229553	Ensemble_ArabicBERT_CL_AraBERT
558	Q0	40:67-68	6	0.4408007115125656	Ensemble_ArabicBERT_CL_AraBERT
558	Q0	46:15-18	7	0.4322005361318588	Ensemble_ArabicBERT_CL_AraBERT
558	Q0	31:14-15	8	0.4273173809051513	Ensemble_ArabicBERT_CL_AraBERT
558	Q0	42:13-15	9	0.4053223878145218	Ensemble_ArabicBERT_CL_AraBERT
558	Q0	6:74-79	10	0.5082655549049377	CL-AraBERT
559	Q0	4:47-48	1	0.6855399012565613	Ensemble_ArabicBERT_CL_AraBERT
559	Q0	16:120-124	2	0.6374973654747009	Ensemble_ArabicBERT_CL_AraBERT
559	Q0	4:153-161	3	0.6168347001075745	Ensemble_ArabicBERT_CL_AraBERT
559	Q0	5:59-60	4	0.616445779800415	Ensemble_ArabicBERT_CL_AraBERT
559	Q0	2:63-66	5	0.615289032459259	Ensemble_ArabicBERT_CL_AraBERT
559	Q0	7:163-163	6	0.599157452583313	Ensemble_ArabicBERT_CL_AraBERT
559	Q0	5:3-3	7	0.5594240427017212	Ensemble_ArabicBERT_CL_AraBERT
559	Q0	6:145-147	8	0.5330856442451477	Ensemble_ArabicBERT_CL_AraBERT
559	Q0	5:4-5	9	0.492433562874794	Ensemble_ArabicBERT_CL_AraBERT
559	Q0	6:136-137	10	0.44983065128326416	Ensemble_ArabicBERT_CL_AraBERT
560	Q0	7:35-37	1	0.6021370887756348	Ensemble_ArabicBERT_CL_AraBERT
560	Q0	11:116-117	2	0.5738222002983093	Ensemble_ArabicBERT_CL_AraBERT
560	Q0	7:164-166	3	0.5725938081741333	Ensemble_ArabicBERT_CL_AraBERT
560	Q0	6:46-50	4	0.5549665093421936	Ensemble_ArabicBERT_CL_AraBERT
560	Q0	7:85-93	5	0.5432310700416565	Ensemble_ArabicBERT_CL_AraBERT
560	Q0	16:114-119	6	0.5307777523994446	Ensemble_ArabicBERT_CL_AraBERT
560	Q0	6:53-58	7	0.519495040178299	Ensemble_ArabicBERT_CL_AraBERT
560	Q0	40:38-46	8	0.48665471374988556	Ensemble_ArabicBERT_CL_AraBERT
560	Q0	7:73-79	9	0.4788838326931	Ensemble_ArabicBERT_CL_AraBERT
560	Q0	11:61-68	10	0.4630983471870422	Ensemble_ArabicBERT_CL_AraBERT
561	Q0	9:67-68	1	0.5819080173969269	Ensemble_ArabicBERT_CL_AraBERT
561	Q0	7:164-166	2	0.566402941942215	Ensemble_ArabicBERT_CL_AraBERT
561	Q0	4:140-143	3	0.5527672469615936	Ensemble_ArabicBERT_CL_AraBERT
561	Q0	5:78-81	4	0.5517995059490204	Ensemble_ArabicBERT_CL_AraBERT
561	Q0	8:20-26	5	0.5210739076137543	Ensemble_ArabicBERT_CL_AraBERT
561	Q0	3:110-115	6	0.43363361060619354	Ensemble_ArabicBERT_CL_AraBERT
561	Q0	49:6-8	7	0.4083942770957947	Ensemble_ArabicBERT_CL_AraBERT
561	Q0	4:31-31	8	0.3845877945423126	Ensemble_ArabicBERT_CL_AraBERT
561	Q0	9:71-72	9	0.4777809381484985	CL-AraBERT
561	Q0	49:1-5	10	0.4702513515949249	CL-AraBERT
562	Q0	4:117-121	1	0.6325646638870239	Ensemble_ArabicBERT_CL_AraBERT
562	Q0	35:5-8	2	0.5719383060932159	Ensemble_ArabicBERT_CL_AraBERT
562	Q0	21:30-35	3	0.5717484354972839	Ensemble_ArabicBERT_CL_AraBERT
562	Q0	34:20-23	4	0.557645857334137	Ensemble_ArabicBERT_CL_AraBERT
562	Q0	18:50-53	5	0.5516109764575958	Ensemble_ArabicBERT_CL_AraBERT
562	Q0	17:61-65	6	0.5297853052616119	Ensemble_ArabicBERT_CL_AraBERT
562	Q0	7:11-18	7	0.5152109861373901	Ensemble_ArabicBERT_CL_AraBERT
562	Q0	14:21-23	8	0.4971298724412918	Ensemble_ArabicBERT_CL_AraBERT
562	Q0	7:26-27	9	0.49282532930374146	Ensemble_ArabicBERT_CL_AraBERT
562	Q0	22:52-57	10	0.48060211539268494	Ensemble_ArabicBERT_CL_AraBERT
563	Q0	20:9-16	1	0.44245269894599915	Ensemble_ArabicBERT_CL_AraBERT
563	Q0	5:112-115	2	0.5768057703971863	CL-AraBERT
563	Q0	3:54-58	3	0.5726804733276367	CL-AraBERT
563	Q0	5:116-120	4	0.5487571358680725	CL-AraBERT
563	Q0	4:171-172	5	0.5199001431465149	CL-AraBERT
563	Q0	5:72-73	6	0.5152409076690674	CL-AraBERT
563	Q0	3:59-61	7	0.5059371590614319	CL-AraBERT
563	Q0	21:76-77	8	0.5056968331336975	CL-AraBERT
563	Q0	43:57-66	9	0.4951428771018982	CL-AraBERT
563	Q0	7:148-149	10	0.4793548583984375	ArabicBERT
568	Q0	17:61-65	1	0.6846473515033722	Ensemble_ArabicBERT_CL_AraBERT
568	Q0	7:11-18	2	0.6811668574810028	Ensemble_ArabicBERT_CL_AraBERT
568	Q0	20:115-122	3	0.6637043654918671	Ensemble_ArabicBERT_CL_AraBERT
568	Q0	7:26-27	4	0.6603213250637054	Ensemble_ArabicBERT_CL_AraBERT
568	Q0	15:26-44	5	0.6495130062103271	Ensemble_ArabicBERT_CL_AraBERT
568	Q0	2:34-39	6	0.6465171575546265	Ensemble_ArabicBERT_CL_AraBERT
568	Q0	18:50-53	7	0.6346057653427124	Ensemble_ArabicBERT_CL_AraBERT
568	Q0	4:117-121	8	0.6252992153167725	Ensemble_ArabicBERT_CL_AraBERT
568	Q0	14:21-23	9	0.586017906665802	Ensemble_ArabicBERT_CL_AraBERT
568	Q0	38:65-88	10	0.5101097822189331	Ensemble_ArabicBERT_CL_AraBERT
570	Q0	2:3-5	1	0.5555662512779236	Ensemble_ArabicBERT_CL_AraBERT
570	Q0	27:1-6	2	0.5381157100200653	Ensemble_ArabicBERT_CL_AraBERT
570	Q0	4:162-162	3	0.4962884485721588	Ensemble_ArabicBERT_CL_AraBERT
570	Q0	8:1-4	4	0.49556976556777954	Ensemble_ArabicBERT_CL_AraBERT
570	Q0	31:1-5	5	0.45423346757888794	Ensemble_ArabicBERT_CL_AraBERT
570	Q0	41:1-8	6	0.44703221321105957	Ensemble_ArabicBERT_CL_AraBERT
570	Q0	23:1-11	7	0.5419409871101379	CL-AraBERT
570	Q0	3:1-7	8	0.5161221623420715	ArabicBERT
570	Q0	57:12-15	9	0.4983375668525696	CL-AraBERT
570	Q0	98:6-8	10	0.4937911033630371	CL-AraBERT
571	Q0	2:275-276	1	0.6956199109554291	Ensemble_ArabicBERT_CL_AraBERT
571	Q0	2:277-281	2	0.5561780631542206	Ensemble_ArabicBERT_CL_AraBERT
571	Q0	2:243-245	3	0.45035520195961	Ensemble_ArabicBERT_CL_AraBERT
571	Q0	57:7-11	4	0.3941599875688553	Ensemble_ArabicBERT_CL_AraBERT
571	Q0	64:14-18	5	0.3899789303541183	Ensemble_ArabicBERT_CL_AraBERT
571	Q0	9:60-61	6	0.36907534301280975	Ensemble_ArabicBERT_CL_AraBERT
571	Q0	30:38-41	7	0.3665868639945984	Ensemble_ArabicBERT_CL_AraBERT
571	Q0	60:8-9	8	0.35050998628139496	Ensemble_ArabicBERT_CL_AraBERT
571	Q0	4:29-30	9	0.4709566533565521	CL-AraBERT
571	Q0	3:130-132	10	0.4303960800170898	CL-AraBERT
575	Q0	97:1-5	1	0.6718474626541138	Ensemble_ArabicBERT_CL_AraBERT
575	Q0	44:1-8	2	0.6066827476024628	Ensemble_ArabicBERT_CL_AraBERT
575	Q0	2:183-186	3	0.5872173011302948	Ensemble_ArabicBERT_CL_AraBERT
575	Q0	76:23-26	4	0.4101288318634033	Ensemble_ArabicBERT_CL_AraBERT
575	Q0	56:75-80	5	0.4008469134569168	Ensemble_ArabicBERT_CL_AraBERT
575	Q0	2:187-187	6	0.38350409269332886	Ensemble_ArabicBERT_CL_AraBERT
575	Q0	9:36-37	7	0.5843678712844849	ArabicBERT
575	Q0	38:27-29	8	0.5182428359985352	CL-AraBERT
575	Q0	46:1-5	9	0.4769265055656433	CL-AraBERT
575	Q0	45:1-6	10	0.467835783958435	CL-AraBERT
576	Q0	9:111-112	1	0.6125877797603607	Ensemble_ArabicBERT_CL_AraBERT
576	Q0	2:204-207	2	0.5578275620937347	Ensemble_ArabicBERT_CL_AraBERT
576	Q0	61:10-14	3	0.5029927641153336	Ensemble_ArabicBERT_CL_AraBERT
576	Q0	35:29-35	4	0.49621856212615967	Ensemble_ArabicBERT_CL_AraBERT
576	Q0	4:74-76	5	0.4815237373113632	Ensemble_ArabicBERT_CL_AraBERT
576	Q0	5:54-56	6	0.36767832934856415	Ensemble_ArabicBERT_CL_AraBERT
576	Q0	2:243-245	7	0.3615877479314804	Ensemble_ArabicBERT_CL_AraBERT
576	Q0	48:18-23	8	0.3517713844776153	Ensemble_ArabicBERT_CL_AraBERT
576	Q0	4:29-30	9	0.4386838376522064	CL-AraBERT
576	Q0	9:23-24	10	0.4263838231563568	ArabicBERT
577	Q0	64:14-18	1	0.6024132668972015	Ensemble_ArabicBERT_CL_AraBERT
577	Q0	2:265-266	2	0.5925396680831909	Ensemble_ArabicBERT_CL_AraBERT
577	Q0	57:7-11	3	0.5868294835090637	Ensemble_ArabicBERT_CL_AraBERT
577	Q0	2:267-269	4	0.576581209897995	Ensemble_ArabicBERT_CL_AraBERT
577	Q0	2:243-245	5	0.5570201277732849	Ensemble_ArabicBERT_CL_AraBERT
577	Q0	2:275-276	6	0.5434964001178741	Ensemble_ArabicBERT_CL_AraBERT
577	Q0	34:34-39	7	0.5349180102348328	Ensemble_ArabicBERT_CL_AraBERT
577	Q0	2:272-274	8	0.496893048286438	Ensemble_ArabicBERT_CL_AraBERT
577	Q0	2:261-264	9	0.49483588337898254	Ensemble_ArabicBERT_CL_AraBERT
577	Q0	14:31-34	10	0.4677574336528778	Ensemble_ArabicBERT_CL_AraBERT
580	Q0	14:21-23	1	0.6855131685733795	Ensemble_ArabicBERT_CL_AraBERT
580	Q0	17:61-65	2	0.6696355640888214	Ensemble_ArabicBERT_CL_AraBERT
580	Q0	15:26-44	3	0.6347810626029968	Ensemble_ArabicBERT_CL_AraBERT
580	Q0	18:50-53	4	0.6214436888694763	Ensemble_ArabicBERT_CL_AraBERT
580	Q0	7:11-18	5	0.6138129234313965	Ensemble_ArabicBERT_CL_AraBERT
580	Q0	4:117-121	6	0.6068914234638214	Ensemble_ArabicBERT_CL_AraBERT
580	Q0	38:65-88	7	0.5721774101257324	Ensemble_ArabicBERT_CL_AraBERT
580	Q0	34:20-23	8	0.5707472562789917	Ensemble_ArabicBERT_CL_AraBERT
580	Q0	16:98-102	9	0.5695776641368866	Ensemble_ArabicBERT_CL_AraBERT
580	Q0	20:115-122	10	0.5007357895374298	Ensemble_ArabicBERT_CL_AraBERT
582	Q0	9:100-100	1	0.3913707733154297	Ensemble_ArabicBERT_CL_AraBERT
582	Q0	38:45-48	2	0.36874932050704956	Ensemble_ArabicBERT_CL_AraBERT
582	Q0	48:5-7	3	0.314604789018631	Ensemble_ArabicBERT_CL_AraBERT
582	Q0	41:30-32	4	0.4698454141616821	CL-AraBERT
582	Q0	33:21-24	5	0.4319552183151245	CL-AraBERT
582	Q0	19:51-58	6	0.4282906055450439	CL-AraBERT
582	Q0	37:75-82	7	0.405121386051178	CL-AraBERT
582	Q0	7:44-45	8	0.3974568843841553	CL-AraBERT
582	Q0	57:12-15	9	0.3972634077072143	CL-AraBERT
582	Q0	57:18-21	10	0.3886170387268066	CL-AraBERT
602	Q0	49:11-13	1	0.5425625145435333	Ensemble_ArabicBERT_CL_AraBERT
602	Q0	30:17-27	2	0.5382663309574127	Ensemble_ArabicBERT_CL_AraBERT
602	Q0	30:28-32	3	0.3721943497657776	Ensemble_ArabicBERT_CL_AraBERT
602	Q0	16:70-72	4	0.35378314554691315	Ensemble_ArabicBERT_CL_AraBERT
602	Q0	4:1-1	5	0.4253625869750976	ArabicBERT
602	Q0	4:34-35	6	0.4124899506568908	ArabicBERT
602	Q0	16:90-93	7	0.4100147485733032	ArabicBERT
602	Q0	65:1-3	8	0.4072549343109131	ArabicBERT
602	Q0	3:102-109	9	0.3931323885917663	ArabicBERT
602	Q0	4:7-10	10	0.3895198702812195	ArabicBERT
604	Q0	16:125-128	1	0.47138336300849915	Ensemble_ArabicBERT_CL_AraBERT
604	Q0	3:102-109	2	0.42983168363571167	Ensemble_ArabicBERT_CL_AraBERT
604	Q0	4:128-130	3	0.42082272469997406	Ensemble_ArabicBERT_CL_AraBERT
604	Q0	25:63-77	4	0.3888259828090668	Ensemble_ArabicBERT_CL_AraBERT
604	Q0	16:90-93	5	0.4921603798866272	ArabicBERT
604	Q0	4:26-28	6	0.4609701335430145	CL-AraBERT
604	Q0	41:33-36	7	0.4531406760215759	ArabicBERT
604	Q0	30:17-27	8	0.4421346783638	CL-AraBERT
604	Q0	18:29-31	9	0.4353519380092621	ArabicBERT
604	Q0	6:151-153	10	0.4299592673778534	ArabicBERT
610	Q0	32:1-3	1	0.6342121958732605	Ensemble_ArabicBERT_CL_AraBERT
610	Q0	2:1-2	2	0.6298689246177673	Ensemble_ArabicBERT_CL_AraBERT
610	Q0	10:37-44	3	0.6245876252651215	Ensemble_ArabicBERT_CL_AraBERT
610	Q0	41:53-54	4	0.6144885122776031	Ensemble_ArabicBERT_CL_AraBERT
610	Q0	18:1-6	5	0.5964800119400024	Ensemble_ArabicBERT_CL_AraBERT
610	Q0	69:38-52	6	0.584806501865387	Ensemble_ArabicBERT_CL_AraBERT
610	Q0	52:32-47	7	0.554504007101059	Ensemble_ArabicBERT_CL_AraBERT
610	Q0	41:40-44	8	0.5443537831306458	Ensemble_ArabicBERT_CL_AraBERT
610	Q0	23:78-92	9	0.5375422537326813	Ensemble_ArabicBERT_CL_AraBERT
610	Q0	85:17-22	10	0.5349015891551971	Ensemble_ArabicBERT_CL_AraBERT
611	Q0	3:18-20	1	0.692460298538208	Ensemble_ArabicBERT_CL_AraBERT
611	Q0	42:13-15	2	0.6806636154651642	Ensemble_ArabicBERT_CL_AraBERT
611	Q0	3:62-68	3	0.6605373322963715	Ensemble_ArabicBERT_CL_AraBERT
611	Q0	22:77-78	4	0.649493396282196	Ensemble_ArabicBERT_CL_AraBERT
611	Q0	98:1-5	5	0.6363138854503632	Ensemble_ArabicBERT_CL_AraBERT
611	Q0	29:46-47	6	0.6055276095867157	Ensemble_ArabicBERT_CL_AraBERT
611	Q0	2:139-141	7	0.6018916368484497	Ensemble_ArabicBERT_CL_AraBERT
611	Q0	4:135-136	8	0.5904366374015808	Ensemble_ArabicBERT_CL_AraBERT
611	Q0	2:130-134	9	0.5735763013362885	Ensemble_ArabicBERT_CL_AraBERT
611	Q0	3:199-200	10	0.5705550611019135	Ensemble_ArabicBERT_CL_AraBERT
613	Q0	98:6-8	1	0.6292856931686401	Ensemble_ArabicBERT_CL_AraBERT
613	Q0	67:12-12	2	0.6129123568534851	Ensemble_ArabicBERT_CL_AraBERT
613	Q0	17:57-58	3	0.6094468533992767	Ensemble_ArabicBERT_CL_AraBERT
613	Q0	35:27-28	4	0.5902094542980194	Ensemble_ArabicBERT_CL_AraBERT
613	Q0	13:5-7	5	0.5315702259540558	Ensemble_ArabicBERT_CL_AraBERT
613	Q0	8:1-4	6	0.5303506851196289	Ensemble_ArabicBERT_CL_AraBERT
613	Q0	40:1-4	7	0.522598922252655	Ensemble_ArabicBERT_CL_AraBERT
613	Q0	5:96-100	8	0.522419810295105	Ensemble_ArabicBERT_CL_AraBERT
613	Q0	41:30-32	9	0.5079669803380966	Ensemble_ArabicBERT_CL_AraBERT
613	Q0	39:21-26	10	0.4879492223262787	Ensemble_ArabicBERT_CL_AraBERT
