500	Q0	11:69-76	1	0.706116110086441	Ensemble_ArabicBERT_araelEctra
500	Q0	12:4-6	2	0.6443830281496048	Ensemble_ArabicBERT_araelEctra
500	Q0	27:15-19	3	0.8487292528152466	araElectra
500	Q0	23:45-50	4	0.8445287942886353	araElectra
500	Q0	40:23-27	5	0.8438796401023865	araElectra
500	Q0	12:97-101	6	0.8427793383598328	araElectra
500	Q0	28:44-46	7	0.8422737121582031	araElectra
500	Q0	7:59-64	8	0.8355939984321594	araElectra
500	Q0	17:101-104	9	0.8353627324104309	araElectra
500	Q0	26:10-22	10	0.8351699113845825	araElectra
502	Q0	12:102-107	1	0.7360964119434357	Ensemble_ArabicBERT_araelEctra
502	Q0	7:187-187	2	0.7136895656585693	Ensemble_ArabicBERT_araelEctra
502	Q0	34:3-5	3	0.6464420258998871	Ensemble_ArabicBERT_araelEctra
502	Q0	18:54-56	4	0.8688900470733643	araElectra
502	Q0	23:42-44	5	0.861738383769989	araElectra
502	Q0	43:1-8	6	0.8612374067306519	araElectra
502	Q0	6:114-117	7	0.8579474091529846	araElectra
502	Q0	29:48-52	8	0.8565694093704224	araElectra
502	Q0	39:27-31	9	0.8534373044967651	araElectra
502	Q0	32:1-3	10	0.8515378832817078	araElectra
504	Q0	20:17-24	1	0.5917181968688965	Ensemble_ArabicBERT_araelEctra
504	Q0	34:14-14	2	0.5854230523109436	Ensemble_ArabicBERT_araelEctra
504	Q0	29:36-37	3	0.5842911899089813	Ensemble_ArabicBERT_araelEctra
504	Q0	37:139-148	4	0.8087160587310791	araElectra
504	Q0	21:78-82	5	0.8082194328308105	araElectra
504	Q0	28:29-32	6	0.7964922785758972	araElectra
504	Q0	38:30-40	7	0.7956992387771606	araElectra
504	Q0	40:36-37	8	0.7943702340126038	araElectra
504	Q0	29:14-15	9	0.7896615266799927	araElectra
504	Q0	7:109-112	10	0.7878098487854004	araElectra
505	Q0	25:1-2	1	0.7239270508289337	Ensemble_ArabicBERT_araelEctra
505	Q0	18:54-56	2	0.7077399492263794	Ensemble_ArabicBERT_araelEctra
505	Q0	21:107-112	3	0.7014457285404205	Ensemble_ArabicBERT_araelEctra
505	Q0	36:69-70	4	0.6927028298377991	Ensemble_ArabicBERT_araelEctra
505	Q0	81:26-29	5	0.6849251985549927	Ensemble_ArabicBERT_araelEctra
505	Q0	4:105-105	6	0.6776786148548126	Ensemble_ArabicBERT_araelEctra
505	Q0	12:102-107	7	0.6760641932487488	Ensemble_ArabicBERT_araelEctra
505	Q0	12:1-3	8	0.8544222116470337	araElectra
505	Q0	6:114-117	9	0.8319242000579834	araElectra
505	Q0	7:1-3	10	0.8313041925430298	araElectra
508	Q0	15:16-25	1	0.7229210436344147	Ensemble_ArabicBERT_araelEctra
508	Q0	50:1-11	2	0.7040415108203888	Ensemble_ArabicBERT_araelEctra
508	Q0	30:33-37	3	0.6657105684280396	Ensemble_ArabicBERT_araelEctra
508	Q0	75:1-15	4	0.8505713939666748	araElectra
508	Q0	41:49-52	5	0.8446130156517029	araElectra
508	Q0	36:71-76	6	0.8430781364440918	araElectra
508	Q0	16:1-9	7	0.8425126075744629	araElectra
508	Q0	6:132-135	8	0.8413264751434326	araElectra
508	Q0	74:49-56	9	0.8412781953811646	araElectra
508	Q0	40:67-68	10	0.8388508558273315	araElectra
510	Q0	2:228-230	1	0.7090423703193665	Ensemble_ArabicBERT_araelEctra
510	Q0	4:2-6	2	0.6904591619968414	Ensemble_ArabicBERT_araelEctra
510	Q0	2:240-242	3	0.6802668869495392	Ensemble_ArabicBERT_araelEctra
510	Q0	4:34-35	4	0.6787227392196655	Ensemble_ArabicBERT_araelEctra
510	Q0	4:19-21	5	0.6584699749946594	Ensemble_ArabicBERT_araelEctra
510	Q0	2:234-237	6	0.6572149693965912	Ensemble_ArabicBERT_araelEctra
510	Q0	4:7-10	7	0.6549763083457947	Ensemble_ArabicBERT_araelEctra
510	Q0	58:1-4	8	0.6446502804756165	Ensemble_ArabicBERT_araelEctra
510	Q0	33:49-52	9	0.6432501375675201	Ensemble_ArabicBERT_araelEctra
510	Q0	19:16-33	10	0.8126625418663025	araElectra
513	Q0	2:228-230	1	0.7219232022762299	Ensemble_ArabicBERT_araelEctra
513	Q0	4:34-35	2	0.7065987288951874	Ensemble_ArabicBERT_araelEctra
513	Q0	2:240-242	3	0.6764268279075623	Ensemble_ArabicBERT_araelEctra
513	Q0	58:1-4	4	0.6749430894851685	Ensemble_ArabicBERT_araelEctra
513	Q0	2:234-237	5	0.6713337302207947	Ensemble_ArabicBERT_araelEctra
513	Q0	4:7-10	6	0.6680832058191299	Ensemble_ArabicBERT_araelEctra
513	Q0	65:4-7	7	0.6604722291231155	Ensemble_ArabicBERT_araelEctra
513	Q0	4:19-21	8	0.6479023098945618	Ensemble_ArabicBERT_araelEctra
513	Q0	4:25-25	9	0.6453962624073029	Ensemble_ArabicBERT_araelEctra
513	Q0	33:49-52	10	0.6452251821756363	Ensemble_ArabicBERT_araelEctra
518	Q0	70:19-21	1	0.7399810254573822	Ensemble_ArabicBERT_araelEctra
518	Q0	69:25-37	2	0.7285813689231873	Ensemble_ArabicBERT_araelEctra
518	Q0	89:15-20	3	0.7090481221675873	Ensemble_ArabicBERT_araelEctra
518	Q0	107:1-3	4	0.6720901429653168	Ensemble_ArabicBERT_araelEctra
518	Q0	74:38-48	5	0.6648387461900711	Ensemble_ArabicBERT_araelEctra
518	Q0	92:8-11	6	0.635028600692749	Ensemble_ArabicBERT_araelEctra
518	Q0	83:1-6	7	0.8567212820053101	araElectra
518	Q0	86:5-10	8	0.8426088690757751	araElectra
518	Q0	68:5-16	9	0.8396385908126831	araElectra
518	Q0	40:67-68	10	0.839424729347229	araElectra
519	Q0	92:8-11	1	0.6899651885032654	Ensemble_ArabicBERT_araelEctra
519	Q0	107:4-7	2	0.6692399382591248	Ensemble_ArabicBERT_araelEctra
519	Q0	107:1-3	3	0.6515603363513947	Ensemble_ArabicBERT_araelEctra
519	Q0	89:15-20	4	0.6243599653244019	Ensemble_ArabicBERT_araelEctra
519	Q0	17:22-30	5	0.6222148537635803	Ensemble_ArabicBERT_araelEctra
519	Q0	81:15-25	6	0.5909664928913116	Ensemble_ArabicBERT_araelEctra
519	Q0	70:19-21	7	0.5908156037330627	Ensemble_ArabicBERT_araelEctra
519	Q0	83:1-6	8	0.7953910827636719	araElectra
519	Q0	93:6-11	9	0.7699936628341675	araElectra
519	Q0	74:38-48	10	0.7431814670562744	araElectra
521	Q0	4:110-112	1	0.7262108027935028	Ensemble_ArabicBERT_araelEctra
521	Q0	45:21-22	2	0.7241175174713135	Ensemble_ArabicBERT_araelEctra
521	Q0	39:6-8	3	0.7096232175827026	Ensemble_ArabicBERT_araelEctra
521	Q0	6:164-165	4	0.7005501687526703	Ensemble_ArabicBERT_araelEctra
521	Q0	35:15-18	5	0.6703846454620361	Ensemble_ArabicBERT_araelEctra
521	Q0	30:33-37	6	0.8812847137451172	araElectra
521	Q0	41:49-52	7	0.8538634777069092	araElectra
521	Q0	39:49-52	8	0.8518385887145996	araElectra
521	Q0	76:27-28	9	0.8502141237258911	araElectra
521	Q0	74:32-37	10	0.847661018371582	araElectra
522	Q0	9:67-68	1	0.5430734157562256	Ensemble_ArabicBERT_araelEctra
522	Q0	2:219-219	2	0.5404185354709625	Ensemble_ArabicBERT_araelEctra
522	Q0	107:1-3	3	0.5293946713209152	Ensemble_ArabicBERT_araelEctra
522	Q0	107:4-7	4	0.8143913149833679	araElectra
522	Q0	83:1-6	5	0.8065055012702942	araElectra
522	Q0	92:1-7	6	0.7791691422462463	araElectra
522	Q0	113:1-5	7	0.768580436706543	araElectra
522	Q0	22:1-2	8	0.7685104608535767	araElectra
522	Q0	74:38-48	9	0.7643969655036926	araElectra
522	Q0	69:25-37	10	0.7559497952461243	araElectra
525	Q0	26:123-140	1	0.6709176301956177	Ensemble_ArabicBERT_araelEctra
525	Q0	2:180-182	2	0.6294108927249908	Ensemble_ArabicBERT_araelEctra
525	Q0	23:1-11	3	0.5815882384777069	Ensemble_ArabicBERT_araelEctra
525	Q0	26:141-159	4	0.5813287049531937	Ensemble_ArabicBERT_araelEctra
525	Q0	81:15-25	5	0.5812128335237503	Ensemble_ArabicBERT_araelEctra
525	Q0	26:176-191	6	0.5760003924369812	Ensemble_ArabicBERT_araelEctra
525	Q0	12:50-57	7	0.5737145990133286	Ensemble_ArabicBERT_araelEctra
525	Q0	12:11-15	8	0.5654724091291428	Ensemble_ArabicBERT_araelEctra
525	Q0	107:4-7	9	0.7046173214912415	araElectra
525	Q0	31:14-15	10	0.697346568107605	araElectra
527	Q0	6:42-45	1	0.7037445306777954	Ensemble_ArabicBERT_araelEctra
527	Q0	7:94-95	2	0.6267786026000977	Ensemble_ArabicBERT_araelEctra
527	Q0	10:11-14	3	0.8581073880195618	araElectra
527	Q0	30:33-37	4	0.8298773765563965	araElectra
527	Q0	41:49-52	5	0.8233048915863037	araElectra
527	Q0	39:49-52	6	0.821963369846344	araElectra
527	Q0	6:132-135	7	0.8105344772338867	araElectra
527	Q0	19:66-72	8	0.8092162609100342	araElectra
527	Q0	11:8-11	9	0.8090851306915283	araElectra
527	Q0	10:98-103	10	0.8016157150268555	araElectra
528	Q0	5:94-95	1	0.6278601586818695	Ensemble_ArabicBERT_araelEctra
528	Q0	47:30-32	2	0.6107425391674042	Ensemble_ArabicBERT_araelEctra
528	Q0	7:167-171	3	0.6090057194232941	Ensemble_ArabicBERT_araelEctra
528	Q0	18:17-20	4	0.6028463840484619	Ensemble_ArabicBERT_araelEctra
528	Q0	7:164-166	5	0.7981798648834229	araElectra
528	Q0	7:94-95	6	0.792553722858429	araElectra
528	Q0	11:116-117	7	0.7920008897781372	araElectra
528	Q0	34:34-39	8	0.7788577079772949	araElectra
528	Q0	9:50-52	9	0.7786046266555786	araElectra
528	Q0	10:11-14	10	0.7752702832221985	araElectra
529	Q0	6:42-45	1	0.7253791391849518	Ensemble_ArabicBERT_araelEctra
529	Q0	7:94-95	2	0.7221581041812897	Ensemble_ArabicBERT_araelEctra
529	Q0	39:49-52	3	0.7185294032096863	Ensemble_ArabicBERT_araelEctra
529	Q0	30:33-37	4	0.7128790020942688	Ensemble_ArabicBERT_araelEctra
529	Q0	7:167-171	5	0.6605896055698395	Ensemble_ArabicBERT_araelEctra
529	Q0	89:15-20	6	0.6551924049854279	Ensemble_ArabicBERT_araelEctra
529	Q0	5:94-95	7	0.625830888748169	Ensemble_ArabicBERT_araelEctra
529	Q0	10:11-14	8	0.810044527053833	araElectra
529	Q0	7:4-7	9	0.7890674471855164	araElectra
529	Q0	41:49-52	10	0.7867004871368408	araElectra
531	Q0	9:53-55	1	0.7269637584686279	Ensemble_ArabicBERT_araelEctra
531	Q0	47:25-29	2	0.6931943893432617	Ensemble_ArabicBERT_araelEctra
531	Q0	47:30-32	3	0.6706801056861877	Ensemble_ArabicBERT_araelEctra
531	Q0	58:14-21	4	0.6624813228845596	Ensemble_ArabicBERT_araelEctra
531	Q0	45:7-11	5	0.6527099609375	Ensemble_ArabicBERT_araelEctra
531	Q0	11:116-117	6	0.8802930116653442	araElectra
531	Q0	10:11-14	7	0.8458407521247864	araElectra
531	Q0	7:35-37	8	0.8399155139923096	araElectra
531	Q0	5:59-60	9	0.8354617357254028	araElectra
531	Q0	31:6-9	10	0.8354172706604004	araElectra
533	Q0	4:148-149	1	0.7379022240638733	Ensemble_ArabicBERT_araelEctra
533	Q0	42:37-43	2	0.7254925072193146	Ensemble_ArabicBERT_araelEctra
533	Q0	3:133-136	3	0.7065301239490509	Ensemble_ArabicBERT_araelEctra
533	Q0	64:14-18	4	0.6871560215950012	Ensemble_ArabicBERT_araelEctra
533	Q0	4:128-130	5	0.6798109114170074	Ensemble_ArabicBERT_araelEctra
533	Q0	16:125-128	6	0.6705822944641113	Ensemble_ArabicBERT_araelEctra
533	Q0	24:21-22	7	0.6626722812652588	Ensemble_ArabicBERT_araelEctra
533	Q0	41:33-36	8	0.6425829231739044	Ensemble_ArabicBERT_araelEctra
533	Q0	92:8-11	9	0.629323810338974	Ensemble_ArabicBERT_araelEctra
533	Q0	3:159-160	10	0.8170695304870605	araElectra
534	Q0	18:29-31	1	0.6419765651226044	Ensemble_ArabicBERT_araelEctra
534	Q0	47:12-15	2	0.6102080345153809	Ensemble_ArabicBERT_araelEctra
534	Q0	2:204-207	3	0.6024597138166428	Ensemble_ArabicBERT_araelEctra
534	Q0	2:25-25	4	0.5980992019176483	Ensemble_ArabicBERT_araelEctra
534	Q0	2:28-29	5	0.8422371745109558	araElectra
534	Q0	10:26-27	6	0.8383228778839111	araElectra
534	Q0	39:42-44	7	0.8308940529823303	araElectra
534	Q0	77:16-19	8	0.8307470083236694	araElectra
534	Q0	76:5-11	9	0.8282544612884521	araElectra
534	Q0	21:101-103	10	0.8259992599487305	araElectra
536	Q0	2:238-239	1	0.748907595872879	Ensemble_ArabicBERT_araelEctra
536	Q0	33:28-31	2	0.6946488618850708	Ensemble_ArabicBERT_araelEctra
536	Q0	4:34-35	3	0.6864644885063171	Ensemble_ArabicBERT_araelEctra
536	Q0	33:32-34	4	0.6781817376613617	Ensemble_ArabicBERT_araelEctra
536	Q0	3:42-44	5	0.6546481847763062	Ensemble_ArabicBERT_araelEctra
536	Q0	2:231-232	6	0.6438270807266235	Ensemble_ArabicBERT_araelEctra
536	Q0	2:187-187	7	0.6295745074748993	Ensemble_ArabicBERT_araelEctra
536	Q0	2:222-223	8	0.615774929523468	Ensemble_ArabicBERT_araelEctra
536	Q0	33:59-59	9	0.6074638813734055	Ensemble_ArabicBERT_araelEctra
536	Q0	9:60-61	10	0.7530727386474609	araElectra
539	Q0	23:93-98	1	0.6536130309104919	Ensemble_ArabicBERT_araelEctra
539	Q0	16:90-93	2	0.6228210180997849	Ensemble_ArabicBERT_araelEctra
539	Q0	9:56-59	3	0.7691752314567566	araElectra
539	Q0	89:15-20	4	0.767818808555603	araElectra
539	Q0	17:22-30	5	0.7667707204818726	araElectra
539	Q0	4:148-149	6	0.7667518258094788	araElectra
539	Q0	2:180-182	7	0.7658987045288086	araElectra
539	Q0	34:34-39	8	0.7594999074935913	araElectra
539	Q0	9:90-96	9	0.7594056725502014	araElectra
539	Q0	3:92-94	10	0.7580482959747314	araElectra
540	Q0	42:20-22	1	0.6410694718360901	Ensemble_ArabicBERT_araelEctra
540	Q0	38:49-54	2	0.5966997146606445	Ensemble_ArabicBERT_araelEctra
540	Q0	87:14-19	3	0.7998125553131104	araElectra
540	Q0	19:34-40	4	0.7982872128486633	araElectra
540	Q0	19:59-65	5	0.7809077501296997	araElectra
540	Q0	70:1-7	6	0.7719182968139648	araElectra
540	Q0	43:67-73	7	0.7677268981933594	araElectra
540	Q0	25:21-29	8	0.7673665881156921	araElectra
540	Q0	44:51-59	9	0.7657989859580994	araElectra
540	Q0	12:108-111	10	0.7633011937141418	araElectra
541	Q0	15:80-84	1	0.6461082696914673	Ensemble_ArabicBERT_araelEctra
541	Q0	89:1-14	2	0.8582546710968018	araElectra
541	Q0	111:1-5	3	0.8375594615936279	araElectra
541	Q0	91:11-15	4	0.8277069330215454	araElectra
541	Q0	22:19-22	5	0.8269400596618652	araElectra
541	Q0	105:1-5	6	0.8222137689590454	araElectra
541	Q0	54:18-22	7	0.8184878826141357	araElectra
541	Q0	7:163-163	8	0.8144609928131104	araElectra
541	Q0	69:9-12	9	0.814038872718811	araElectra
541	Q0	18:50-53	10	0.8056259155273438	araElectra
542	Q0	4:71-73	1	0.6696733832359314	Ensemble_ArabicBERT_araelEctra
542	Q0	89:15-20	2	0.822992742061615	araElectra
542	Q0	34:34-39	3	0.8137742877006531	araElectra
542	Q0	32:18-22	4	0.8048386573791504	araElectra
542	Q0	5:94-95	5	0.8026271462440491	araElectra
542	Q0	9:56-59	6	0.800542414188385	araElectra
542	Q0	7:94-95	7	0.800133228302002	araElectra
542	Q0	2:154-157	8	0.8001146912574768	araElectra
542	Q0	23:93-98	9	0.7973651885986328	araElectra
542	Q0	53:31-41	10	0.7953991293907166	araElectra
545	Q0	102:5-8	1	0.7167756259441376	Ensemble_ArabicBERT_araelEctra
545	Q0	87:1-5	2	0.8524320125579834	araElectra
545	Q0	79:42-46	3	0.8378130197525024	araElectra
545	Q0	82:1-5	4	0.8271632194519043	araElectra
545	Q0	86:11-17	5	0.8243881464004517	araElectra
545	Q0	91:1-10	6	0.8156893253326416	araElectra
545	Q0	99:1-8	7	0.8127025365829468	araElectra
545	Q0	95:7-8	8	0.8125717639923096	araElectra
545	Q0	55:1-13	9	0.8118095397949219	araElectra
545	Q0	80:17-23	10	0.8066639304161072	araElectra
547	Q0	9:38-40	1	0.6380298733711243	Ensemble_ArabicBERT_araelEctra
547	Q0	2:124-129	2	0.5910568088293076	Ensemble_ArabicBERT_araelEctra
547	Q0	63:5-8	3	0.5800810009241104	Ensemble_ArabicBERT_araelEctra
547	Q0	17:1-1	4	0.754014253616333	araElectra
547	Q0	14:35-41	5	0.7507667541503906	araElectra
547	Q0	66:10-12	6	0.7490866184234619	araElectra
547	Q0	43:26-28	7	0.7450034618377686	araElectra
547	Q0	7:19-25	8	0.739221453666687	araElectra
547	Q0	2:34-39	9	0.7374840974807739	araElectra
547	Q0	5:72-73	10	0.7362344264984131	araElectra
550	Q0	11:69-76	1	0.6739692389965057	Ensemble_ArabicBERT_araelEctra
550	Q0	19:41-50	2	0.6181422472000122	Ensemble_ArabicBERT_araelEctra
550	Q0	21:69-73	3	0.607913613319397	Ensemble_ArabicBERT_araelEctra
550	Q0	7:65-72	4	0.8126384615898132	araElectra
550	Q0	7:59-64	5	0.8123258352279663	araElectra
550	Q0	21:83-86	6	0.8059874773025513	araElectra
550	Q0	29:24-27	7	0.8021108508110046	araElectra
550	Q0	12:4-6	8	0.8016231060028076	araElectra
550	Q0	26:176-191	9	0.8015355467796326	araElectra
550	Q0	5:110-111	10	0.8014834523200989	araElectra
552	Q0	8:45-49	1	0.6408904492855072	Ensemble_ArabicBERT_araelEctra
552	Q0	3:185-186	2	0.5593051910400391	Ensemble_ArabicBERT_araelEctra
552	Q0	8:20-26	3	0.743830680847168	araElectra
552	Q0	47:33-38	4	0.7327744960784912	araElectra
552	Q0	35:5-8	5	0.7325997352600098	araElectra
552	Q0	3:187-189	6	0.7278701066970825	araElectra
552	Q0	31:12-13	7	0.7242801785469055	araElectra
552	Q0	49:11-13	8	0.7187798023223877	araElectra
552	Q0	63:9-11	9	0.7164149284362793	araElectra
552	Q0	3:176-180	10	0.7144559621810913	araElectra
555	Q0	7:164-166	1	0.6020762920379639	Ensemble_ArabicBERT_araelEctra
555	Q0	31:16-19	2	0.7888808250427246	araElectra
555	Q0	2:265-266	3	0.7758700251579285	araElectra
555	Q0	107:4-7	4	0.7675598859786987	araElectra
555	Q0	17:22-30	5	0.7666359543800354	araElectra
555	Q0	31:14-15	6	0.7647827863693237	araElectra
555	Q0	2:282-283	7	0.7629503011703491	araElectra
555	Q0	2:180-182	8	0.7627063393592834	araElectra
555	Q0	4:29-30	9	0.7618780732154846	araElectra
555	Q0	3:75-77	10	0.7597367763519287	araElectra
557	Q0	58:7-10	1	0.808216005563736	Ensemble_ArabicBERT_araelEctra
557	Q0	4:114-115	2	0.7001009583473206	Ensemble_ArabicBERT_araelEctra
557	Q0	31:16-19	3	0.892480731010437	araElectra
557	Q0	3:92-94	4	0.8699137568473816	araElectra
557	Q0	2:180-182	5	0.8627293109893799	araElectra
557	Q0	17:31-35	6	0.8601268529891968	araElectra
557	Q0	17:22-30	7	0.8586491942405701	araElectra
557	Q0	9:67-68	8	0.8547906875610352	araElectra
557	Q0	33:9-17	9	0.8517357110977173	araElectra
557	Q0	8:55-61	10	0.8512976169586182	araElectra
559	Q0	5:61-64	1	0.6436466127634048	Ensemble_ArabicBERT_araelEctra
559	Q0	10:21-23	2	0.8414077758789062	araElectra
559	Q0	11:100-102	3	0.8346940875053406	araElectra
559	Q0	18:99-106	4	0.8324819803237915	araElectra
559	Q0	70:8-18	5	0.8312959671020508	araElectra
559	Q0	70:36-39	6	0.8285635113716125	araElectra
559	Q0	83:29-36	7	0.8276062607765198	araElectra
559	Q0	33:9-17	8	0.8262158632278442	araElectra
559	Q0	14:13-18	9	0.8261014223098755	araElectra
559	Q0	22:47-48	10	0.8254196643829346	araElectra
560	Q0	11:116-117	1	0.6845009326934814	Ensemble_ArabicBERT_araelEctra
560	Q0	10:11-14	2	0.6718847900629044	Ensemble_ArabicBERT_araelEctra
560	Q0	89:15-20	3	0.8555803298950195	araElectra
560	Q0	7:94-95	4	0.8521261215209961	araElectra
560	Q0	6:42-45	5	0.8387982845306396	araElectra
560	Q0	7:4-7	6	0.8352227210998535	araElectra
560	Q0	37:50-61	7	0.832897424697876	araElectra
560	Q0	51:52-60	8	0.8299834728240967	araElectra
560	Q0	68:17-33	9	0.8295087218284607	araElectra
560	Q0	16:112-113	10	0.8271571397781372	araElectra
561	Q0	9:67-68	1	0.7222955524921417	Ensemble_ArabicBERT_araelEctra
561	Q0	7:164-166	2	0.6872509121894836	Ensemble_ArabicBERT_araelEctra
561	Q0	4:114-115	3	0.5974923968315125	Ensemble_ArabicBERT_araelEctra
561	Q0	31:16-19	4	0.8089218139648438	araElectra
561	Q0	17:22-30	5	0.7884640097618103	araElectra
561	Q0	107:4-7	6	0.7833563089370728	araElectra
561	Q0	4:29-30	7	0.7807236909866333	araElectra
561	Q0	9:34-35	8	0.7773956060409546	araElectra
561	Q0	2:265-266	9	0.7757456302642822	araElectra
561	Q0	83:1-6	10	0.7674607038497925	araElectra
563	Q0	20:9-16	1	0.6106543838977814	Ensemble_ArabicBERT_araelEctra
563	Q0	6:74-79	2	0.6079323887825012	Ensemble_ArabicBERT_araelEctra
563	Q0	2:258-258	3	0.6069794297218323	Ensemble_ArabicBERT_araelEctra
563	Q0	2:130-134	4	0.6067712008953094	Ensemble_ArabicBERT_araelEctra
563	Q0	17:53-56	5	0.8173270225524902	araElectra
563	Q0	5:116-120	6	0.8104813694953918	araElectra
563	Q0	17:90-96	7	0.8007254600524902	araElectra
563	Q0	71:1-4	8	0.7997832298278809	araElectra
563	Q0	15:87-89	9	0.7997560501098633	araElectra
563	Q0	36:20-27	10	0.793014645576477	araElectra
568	Q0	7:11-18	1	0.7259447574615479	Ensemble_ArabicBERT_araelEctra
568	Q0	17:61-65	2	0.7220479547977448	Ensemble_ArabicBERT_araelEctra
568	Q0	4:117-121	3	0.7113650441169739	Ensemble_ArabicBERT_araelEctra
568	Q0	20:115-122	4	0.7059175074100494	Ensemble_ArabicBERT_araelEctra
568	Q0	18:50-53	5	0.6997603178024292	Ensemble_ArabicBERT_araelEctra
568	Q0	41:13-18	6	0.7921775579452515	araElectra
568	Q0	72:1-7	7	0.7891920208930969	araElectra
568	Q0	21:36-41	8	0.7784932851791382	araElectra
568	Q0	27:20-28	9	0.7776346206665039	araElectra
568	Q0	21:51-68	10	0.7731924653053284	araElectra
570	Q0	21:1-10	1	0.5673240721225739	Ensemble_ArabicBERT_araelEctra
570	Q0	18:25-26	2	0.7487958073616028	araElectra
570	Q0	69:13-18	3	0.7222903370857239	araElectra
570	Q0	20:9-16	4	0.7216060161590576	araElectra
570	Q0	41:47-48	5	0.7188528776168823	araElectra
570	Q0	38:1-11	6	0.7140841484069824	araElectra
570	Q0	42:1-6	7	0.7140234708786011	araElectra
570	Q0	85:17-22	8	0.7099733352661133	araElectra
570	Q0	13:1-4	9	0.7039066553115845	araElectra
570	Q0	67:24-27	10	0.7007725834846497	araElectra
571	Q0	2:275-276	1	0.7357412576675415	Ensemble_ArabicBERT_araelEctra
571	Q0	16:90-93	2	0.5515421330928802	Ensemble_ArabicBERT_araelEctra
571	Q0	2:272-274	3	0.5354384779930115	Ensemble_ArabicBERT_araelEctra
571	Q0	2:188-188	4	0.5302108228206635	Ensemble_ArabicBERT_araelEctra
571	Q0	113:1-5	5	0.778453528881073	araElectra
571	Q0	93:6-11	6	0.7656306028366089	araElectra
571	Q0	2:178-179	7	0.7564997673034668	araElectra
571	Q0	4:31-31	8	0.7520723342895508	araElectra
571	Q0	2:219-219	9	0.7461206912994385	araElectra
571	Q0	92:8-11	10	0.744219958782196	araElectra
575	Q0	97:1-5	1	0.7230617702007294	Ensemble_ArabicBERT_araelEctra
575	Q0	55:1-13	2	0.7369306087493896	araElectra
575	Q0	67:13-15	3	0.7231369018554688	araElectra
575	Q0	51:47-51	4	0.7211701273918152	araElectra
575	Q0	41:9-12	5	0.7151768207550049	araElectra
575	Q0	114:1-6	6	0.7137097120285034	araElectra
575	Q0	96:1-5	7	0.7113389372825623	araElectra
575	Q0	17:105-111	8	0.7070717811584473	araElectra
575	Q0	5:96-100	9	0.7059255242347717	araElectra
575	Q0	20:49-55	10	0.7029849886894226	araElectra
576	Q0	9:111-112	1	0.6923228204250336	Ensemble_ArabicBERT_araelEctra
576	Q0	43:67-73	2	0.5624838471412659	Ensemble_ArabicBERT_araelEctra
576	Q0	3:166-168	3	0.5616519004106522	Ensemble_ArabicBERT_araelEctra
576	Q0	2:25-25	4	0.8179396390914917	araElectra
576	Q0	76:5-11	5	0.8092330694198608	araElectra
576	Q0	22:23-24	6	0.8088949918746948	araElectra
576	Q0	13:35-35	7	0.8081399202346802	araElectra
576	Q0	37:40-49	8	0.7988906502723694	araElectra
576	Q0	52:17-28	9	0.798608124256134	araElectra
576	Q0	44:51-59	10	0.7964247465133667	araElectra
577	Q0	64:14-18	1	0.6968716382980347	Ensemble_ArabicBERT_araelEctra
577	Q0	2:277-281	2	0.6859902441501617	Ensemble_ArabicBERT_araelEctra
577	Q0	2:267-269	3	0.6849332749843597	Ensemble_ArabicBERT_araelEctra
577	Q0	2:243-245	4	0.6733518838882446	Ensemble_ArabicBERT_araelEctra
577	Q0	2:265-266	5	0.6730722188949585	Ensemble_ArabicBERT_araelEctra
577	Q0	2:270-271	6	0.6153468787670135	Ensemble_ArabicBERT_araelEctra
577	Q0	2:261-264	7	0.6060907542705536	Ensemble_ArabicBERT_araelEctra
577	Q0	4:148-149	8	0.8468647003173828	araElectra
577	Q0	42:37-43	9	0.8466606736183167	araElectra
577	Q0	4:94-94	10	0.8367137908935547	araElectra
582	Q0	61:10-14	1	0.5066664814949036	Ensemble_ArabicBERT_araelEctra
582	Q0	2:124-129	2	0.7380954027175903	araElectra
582	Q0	33:59-59	3	0.7357977628707886	araElectra
582	Q0	7:19-25	4	0.7298683524131775	araElectra
582	Q0	14:35-41	5	0.7067581415176392	araElectra
582	Q0	11:84-88	6	0.7033227682113647	araElectra
582	Q0	2:60-62	7	0.7002074718475342	araElectra
582	Q0	2:34-39	8	0.699944019317627	araElectra
582	Q0	33:32-34	9	0.6979064345359802	araElectra
582	Q0	9:60-61	10	0.6957906484603882	araElectra
602	Q0	3:102-109	1	0.5704746842384338	Ensemble_ArabicBERT_araelEctra
602	Q0	4:122-126	2	0.5489494502544403	Ensemble_ArabicBERT_araelEctra
602	Q0	33:42-48	3	0.7743380665779114	araElectra
602	Q0	3:42-44	4	0.7671538591384888	araElectra
602	Q0	2:146-150	5	0.7628600597381592	araElectra
602	Q0	9:71-72	6	0.7624778747558594	araElectra
602	Q0	8:1-4	7	0.7569296360015869	araElectra
602	Q0	33:21-24	8	0.7564542889595032	araElectra
602	Q0	7:157-158	9	0.7482531070709229	araElectra
602	Q0	5:90-93	10	0.747236967086792	araElectra
610	Q0	32:1-3	1	0.7598690986633301	Ensemble_ArabicBERT_araelEctra
610	Q0	10:37-44	2	0.7242013514041901	Ensemble_ArabicBERT_araelEctra
610	Q0	39:27-31	3	0.6914630234241486	Ensemble_ArabicBERT_araelEctra
610	Q0	10:61-61	4	0.8948661684989929	araElectra
610	Q0	34:3-5	5	0.8705487847328186	araElectra
610	Q0	43:1-8	6	0.8704339861869812	araElectra
610	Q0	36:69-70	7	0.8550295233726501	araElectra
610	Q0	12:1-3	8	0.8508198857307434	araElectra
610	Q0	7:187-187	9	0.8495796322822571	araElectra
610	Q0	7:52-53	10	0.8482373356819153	araElectra
611	Q0	42:13-15	1	0.737673819065094	Ensemble_ArabicBERT_araelEctra
611	Q0	4:135-136	2	0.7275491058826447	Ensemble_ArabicBERT_araelEctra
611	Q0	3:18-20	3	0.7254810333251953	Ensemble_ArabicBERT_araelEctra
611	Q0	29:46-47	4	0.6911536753177643	Ensemble_ArabicBERT_araelEctra
611	Q0	3:62-68	5	0.6832367479801178	Ensemble_ArabicBERT_araelEctra
611	Q0	5:67-69	6	0.6814399361610413	Ensemble_ArabicBERT_araelEctra
611	Q0	3:199-200	7	0.6672696471214294	Ensemble_ArabicBERT_araelEctra
611	Q0	43:40-45	8	0.6644935011863708	Ensemble_ArabicBERT_araelEctra
611	Q0	4:170-170	9	0.7968853712081909	araElectra
611	Q0	5:18-19	10	0.7843019962310791	araElectra
613	Q0	67:12-12	1	0.6843920648097992	Ensemble_ArabicBERT_araelEctra
613	Q0	5:96-100	2	0.6706129014492035	Ensemble_ArabicBERT_araelEctra
613	Q0	13:18-24	3	0.6609987318515778	Ensemble_ArabicBERT_araelEctra
613	Q0	32:15-17	4	0.6340104937553406	Ensemble_ArabicBERT_araelEctra
613	Q0	87:14-19	5	0.83720862865448	araElectra
613	Q0	16:120-124	6	0.8218616247177124	araElectra
613	Q0	23:51-61	7	0.8177833557128906	araElectra
613	Q0	7:54-56	8	0.8175196647644043	araElectra
613	Q0	17:78-82	9	0.8015676736831665	araElectra
613	Q0	51:15-23	10	0.8000227808952332	araElectra
