101,من هم قوم شعيب؟
102,من هم قوم موسى؟
103,من بنى الكعبة؟
105,من هو النبي المعروف بالصبر؟
106,من كفل السيدة مريم؟
107,ما معنى الحطمة؟
108,من هو اخو سيدنا موسى؟
109,ما معنى القارعة؟
110,ما معنى الجاثية؟
111,من هم الاسباط؟
112,من هي ملكة سبأ؟
115,من هم الذين عقروا الناقة؟
116,ما عقوبة الربا؟
118,ما هي عقوبة السارق؟
119,ما هي الشجرة الملعونة؟
120,من هو النبي الذي علمه الله لغة الطير والحيوان؟
121,ما هو ميراث الام عن ولدها إن لم يكن له ولد؟
122,كم ليلة امر الله زكريا الا يكلم الناس؟
123,كم مدة عدّة المطلقة؟
125,كم عدد الاشهر الحرم؟
127,ما هي الشجرة التي يأكل منها الكفار في النار؟
128,من هو النبي الذى دخل السجن؟
129,ما هو الجبل الذي استقرت عليه سفينة نوح؟
132,كم فترة رضاعة المولود؟
133,أين كانت رحلة الاسراء والمعراج؟
136,ما حكم التعدد في الزواج؟
137,من هو ابن زكريا؟
138,من الذي لبث في بطن الحوت؟
139,ما هي عقوبة القتل خطأ؟
140,ما هي عقوبة القتل العمد؟
141,من هم المطففون؟
142,كم عدد حملة العرش؟
143,ما هو وصف الحور العين؟
144,من هو ابو سيدنا يوسف عليه السلام؟
145,من هو قارون؟
146,ما هي كفارة الظهار؟
147,ما هي كفارة اليمين؟
149,ما هو جزاء من يقول إن لله ولد؟
151,اين تقع قبلة المسلمين الأولى؟
152,في كم يوم خلق الله الكون؟
153,ما هو فضل ليلة القدر؟
154,ما هو الكتاب الذي انزل على موسى؟
155,ما هو الكتاب الذي انزل على عيسى؟
159,ما هي لغة القرآن؟
160,من هو المسيح؟
163,من الذي صنع عجلا من الحلي لبني إسرائيل؟
164,ما المخلوقات التي تسبح الله؟
201,ما هي الآيات التي تتحدث عن موضوع الوصية؟
202,ما هي الآيات التي تتحدث عن موضوع الوصية في سورة المائدة؟
204,من هم أبناء سيدنا ابراهيم عليه السلام؟
205,ماذا حدث لقابيل وهابيل؟
208,من هو ذو القرنين؟
209,ما هي الأحداث المتعلقة بذي القرنين؟
211,ما هي معجزات النبي موسى عليه السلام؟
212,من هم الحواريون؟
216,ما هي الأحداث المتعلقة بداوود عليه السلام؟
217,كم نام أهل الكهف؟
219,من  الذي عايش سيدنا عيسى عليه السلام؟
220,من هم الرسل الذين عاشوا في مصر؟
225,لماذا جعل الله معجزة سيدنا صالح الناقة؟
227,هل عاش سيدنا موسى في مصر؟
230,أين نزلت سورة العلق؟
231,ما هي انواع الحيوانات التي ذكرت في القرآن؟
232,ما هي اسماء المدن المذكورة في القرآن؟
233,ما هي قصة تسعة رهط؟
235,اين عاش قوم عاد؟
236,كيف اهلك الله قوم عاد؟
237,كيف خرج سيدنا يوسف عليه السلام من السجن؟
238,كيف اهلك الله قوم ثمود؟
240,من هم القوم الذين حولهم الله إلى قردة؟
243,من هو النبي الذي تكلم مع الهدهد؟
244,اين نزلت التوراة على سيدنا موسى؟
248,ما هي قصة اصحاب السبت؟
249,ماذا حدث لسيدنا يونس بعد ان ابتلعه الحوت ؟
251,كم استغرق سيدنا نوح عليه السلام في بناء السفينة؟
252,أين يقع الجودي؟
253,ما هي الأحداث التي وقعت بين سيدنا موسى والخضر؟
255,كم دام إبتلاء أيوب عليه السلام؟
257,ما هو سبب نزول سيدنا آدم من الجنة؟
258,من هو النبي الذي عايش طالوت؟
265,من شارك في غزوة بدر؟
266,من هم الانصار المذكورين في القرآن؟
268,من هم الذين حاربوا الرسول محمد عليه السلام في مكة؟
301,هل حجاب المرأة فرض؟
302,ما هو الجهاد؟
303,على من فُرض الجهاد في سبيل الله؟
304,ضد من فُرض الجهاد؟
306,هل يجب ذكر اسم الله على المأكل والمشرب؟
307,بماذا شبه الله الذي يُتبع الحسنة بالأذى؟
308,بماذا شبه الله الحياة الدنيا؟
310,ما هي شروط قبول التوبة؟
311,ما هو أثر الكلام الطيب؟
313,ماذا يشمل الإحسان؟
314,من هم المحسنون؟
316,ما هي مصارف الزكاة؟
317,على من تجوز الصدقة؟
323,هل حفظ القرآن عن ظهر قلب  فرض؟
324,هل تجويد القرآن فرض؟
325,ما هو البر؟
326,ماذا يشمل البر؟
327,من هم الأبرار؟
328,ما هي العلامات والدلائل التي تشير الى موعد يوم القيامة؟
332,ما هي الآيات التي تلمح إلى عذاب القبر وأهواله؟
334,كيف نفسر أوجه التناقض في أمر خروج المرأة المسلمة للقتال والصلاة في عهد رسول الله (ص) وبين ما أمروا به من بقائهن في بيوتهن والامتناع عن التبرج كتبرج الجاهلية الأولى في سورة الأحزاب آية 33؟
338,هل يوجد علاقة بين أجزاء الدّماغ وقدرات الإنسان؟
339,هل هناك فرق بين العقل والدماغ؟
341,هل ورد في القرآن إشارة لصوت ذي تأثير إيجابي على جسم الإنسان؟
343,هل الضوء هو النور في القرآن؟
344,ما هي المنافع الصحية لصلاة الفجر؟
345,هل ذكر القرآن أوقات نوم معيّنة؟
347,هل هناك إشارات في القرآن إلى كروية الأرض؟
348,لماذا تلبس المرأة المسلمة الحجاب؟
349,"لماذا قام العبد الذي آتاه الله العلم في سورة الكهف بقتل الغلام مع ان في الآية 93  من سورة النساء قال الله تعالى: ""من يقتل مؤمنا متعمدا فجزاؤه جهنم خالدا فيها وغضب اللـه عليه ولعنه وأعد له عذابا عظيما""؟"
350,ما هي الآيات التي ذكر فيها الشفاء؟
351,هل يؤثم الحاكم الذي لا يحكم بما أنزل الله وشرّع؟
354,هل  لفظ (العام) مثل لفظ (السّنة) في القرآن؟
356,ما هي أنواع الجهاد؟
357,ما هو فضل الجهاد في سبيل الله؟
358,هل هناك فرق بين فرض العين وفرض الكفاية؟
361,ما الدلائل على أن هناك اختلاف بين الرسول  والنبي؟
362,هل استخدم لفظ (المطر) في القرآن للعذاب فقط؟
363,هل كلمة (صوم) في القرآن لا تعني صياما عن الأكل والشرب؟
364,"لماذا سيُحاسب ويُعذب الضال يوم القيامة ان كان ""من يضلل الله فما له من هاد"" كما ورد من قوله تعالى في آية 23 و آية 36 من سورة الزمر؟"
365,هل هناك إشارات في القرآن عن نهاية الكيان الصهيوني؟
367,من هم الشفعاء؟
368,ما هي عقوبة من يتهم المرأة بالزنا بغير دليل؟
369,ما الدلائل على أن المسيح لم يصلب؟
370,ما هي شروط الشفاعة؟
371,هل كان سيدنا يوسف عليه السلام رسولا أم نبيا؟
372,ما الدلائل على أن القرآن ليس من تأليف سيدنا محمد (ص)؟
373,هل سيدنا محمد (ص) هو أول المسلمين؟
374,كيف يكون سيدنا محمد (ص) هو أول المسلمين (الأنعام:163 و غافر: 12) مع أن سيدنا إبراهيم كان حنيفا مسلما قبله (آل عمران:67)؟
391,اتهم القرآن بأنه السبب في الدكتاتورية الإسلامية لكونه أباح سبي النساء، كيف نرد على ذلك؟
375,لماذا لا تعادل شهادة مرأة واحدة بشهادة رجل واحد في الأمور المالية أو ما هو متعلق بالأمور المالية؟
376,هل تجوز شهادة أربعة نساء بدلا من رجلين في الأمور المالية أو ما هو متعلق بالأمور المالية؟
378,إن كان الله قدّر علي أفعالي فلماذا يحاسبني؟
379,لماذا يتوضأ المسلمون؟
380,ما الغاية من الوضوء قبل الصلاة؟
381,مقاتلو داعش مثلا أو المفسدون في الأرض من التنظيمات الإرهابية، يتوضؤون أيضا، فهل هذا يجعلهم أطهارا؟
382,لو كان الوضوء للنظافة، لماذا علينا إعادته بعد خروج الريح؟
385,مع أن السؤال هو أساس كل العلوم، لماذا نهى الله المؤمنين عن طرح الأسئلة كما جاء في سورة المائدة آية 101؟
387,ألا يعد تكليف المؤمن بالثبات أمام عشرة (الأنفال:65) تكليفا بما لا يطاق؟
388,"هل التعبير ""الآن خفف الله عنكم وعلم أن فيكم ضعفا"" (الأنفال:66) يعني بأن الله لم يكن يعلم وهو من المفترض أن الله عالم بالغيب؟"
389,ما الدليل على أن القرآن صالح لكل مكان وزمان؟
392,اتهم القرآن بأنه السبب في الدكتاتورية الإسلامية لكونه أباح ضرب  النساء في حالة النشوز، كيف نرد على ذلك؟
393,اتهم القرآن بأنه السبب في الدكتاتورية الإسلامية لكونه أباح التكفير وقتال الكفار حتى يسلموا، كيف نرد على ذلك؟
394,اتهم القرآن بأنه السبب في الدكتاتورية الإسلامية لكونه فرض الجزية على غير المسلمين، كيف نرد على ذلك؟
395,لماذا حرم الله التبني؟
396,لماذا أباح القرآن حرمة الأشهر الحرم؟
398,هل بعثة النبي محمد تشمل الجن مع الإنس؟
399,هل تحدث سيدنا محمد مع الجن؟
400,متى يحل الإسلام دم الشخص؟
401,هل أخبر القرآن عن الذرّة؟
402,هل ذكر القرآن أن الإنجيل تم تحريفه؟
404,هل مات المسيح بالفعل؟
405,هل أشار القرآن الى نقص الأكسجين في المرتفعات؟
407,هل ذكر القرآن أن التوراة تم تحريفها؟
408,ما حكم من يرتد عن دين الإسلام؟
409,هل تحدثت الحيوانات في القرآن؟
410,هل يجوز معاملة أهل الكتاب بالبر والحسنى؟
411,هل لم يتغير أي حرف من القرآن؟
412,لماذا لم يساوِ الإسلام بين الرجل والمرأة في الشهادة أمام القاضي؟
413,هل يجوز سبي النساء واسترقاقهن كما تفعله بعض الجهات المنتسبة للإسلام بالباطل؟
414,لماذا لا يكتفي المسلمون بالقرآن الكريم ويلجأون للسنة أيضاً؟
415,هل هناك إسلام بدون الحديث الشريف؟
416,هل الإسلام دين سلام؟
417,هل سمح الإسلام بحرية الاعتقاد بالدخول إلى الإسلام؟
418,سمح الإسلام بحرية الاعتقاد بالدخول إلى الإسلام (لا إكراه في الدين)، ولكن لماذا رفض لمن دخل في الإسلام الخروج منه ولم يجعله حراً؟
421,هل وجود قراءات مختلفة للقرآن لا يعني تحريفه؟
422,ما هي الأماكن التي ذُكرت في القرآن كأماكن مقدسة؟
423,لماذا لم يتم حذف الآيات المنسوخة من القرآن؟
425,هل سيدنا محمد هو أفضل الأنبياء؟
426,هل حذر القرآن المؤمنين من اتخاذ أهل الكتاب أولياء لهم؟
427,بأي طريقة حث القرآن المؤمنين على مجادلة أهل الكتاب؟
